?cls	?def	?xrefs
<http://purl.obolibrary.org/obo/AISM_0004113>	"Is the conjunctiva of the insect abdomen that connects the abdominal sternite IV and the abdominal sternite V."@en	
<http://purl.obolibrary.org/obo/AISM_0002041>	"The maxillary palpomere that is attached to the distal margin of the maxillary palpomere IV."@en	
<http://purl.obolibrary.org/obo/AISM_0000152>	"The skeletal muscle that inserts in the metafemur."@en	
<http://purl.obolibrary.org/obo/AISM_0004007>	"Is the conjunctiva of the head capsule that connects the antennifer and the scapus."@en	
<http://purl.obolibrary.org/obo/PATO_0002539>		
<http://purl.obolibrary.org/obo/AISM_0000168>	"The sclerite of the salivarium."@en	
<http://purl.obolibrary.org/obo/AISM_0004233>	"The conjunctiva of the mesothorax that joins the mesosternum and the mesocoxa."@en	
<http://purl.obolibrary.org/obo/AISM_0000189>	"The seta that is conical."@en	
<http://purl.obolibrary.org/obo/AISM_0004180>	"The conjunctiva that encircles the mesotibia by joining the distal margin of the mesofemur and the proximal margin of the mesotibia."@en	
<http://purl.obolibrary.org/obo/AISM_0000161>	"The ridge that is in the sagittal line of the ventral part thorax."	
<http://purl.obolibrary.org/obo/AISM_0000201>	"Is the conjunctiva of the postabdomen that connects the abdominal tergite IX and the gonocoxa IX."@en	
<http://purl.obolibrary.org/obo/AISM_0000108>	"The region of cuticle that is connected to some muscles of the fore and hind legs and is posterior to the neck membrane and aterior to the first abdominal spiracle."	
<http://purl.obolibrary.org/obo/AISM_0000075>	"The segment of a leg attached to the distal margin of the femur by the femoro-tibial conjunctiva and to the proximal margin of the tarsus by the tibio-tarsal conjunctiva."@en	
<http://purl.obolibrary.org/obo/AISM_0000088>	"The elastic cuticle of the head capsule that is transparent and covers the eye."@en	
<http://purl.obolibrary.org/obo/AISM_0000083>	"The skeletal muscle continuous with the head capsule and the labium."@en	
<http://purl.obolibrary.org/obo/AISM_0002052>	"The cranio-labial muscle that is continuous with the posterior tentorial arm and the paraglossa."@en	
<http://purl.obolibrary.org/obo/AISM_0002045>	"The cranio-maxillar muscle that is continuous with the fourth maxillar palpomere and  the fifth maxillar palpomere."@en	
<http://purl.obolibrary.org/obo/AISM_0002081>	"The dorsoventral thoracic muscle that extends between the profurca and the lateral region of the prophragma."@en	
<http://purl.obolibrary.org/obo/AISM_0000135>	"The region of the cuticle that is continuous to the proximal region of the trachea and can be closed by muscles."@en	
<http://purl.obolibrary.org/obo/AISM_0004004>	"Is the sclerite of the labium that is anterior to the submentum and posterior to the prementum, and attached to the prementum by the mental-premental conjunctiva."@en	
<http://purl.obolibrary.org/obo/AISM_0004122>	"Is the conjunctiva of the insect abdomen that connects the abdominal tergite IX and the abdominal tergite X."@en	
<http://purl.obolibrary.org/obo/AISM_0002075>	"The dorsal longitudinal muscle continuous with the pronotum and the prophragma."@en	
<http://purl.obolibrary.org/obo/AISM_0000054>	"The trochantin that is located on the ventro-lateral region of the mesothorax and is attached to a mesocoxa and surrounded by the basal mesocoxal conjunctiva."@en	
<http://purl.obolibrary.org/obo/AISM_0000173>	"The conjunctiva that encircles the coxa and connects them to the ventral and lateral thoracic regions."	
<http://purl.obolibrary.org/obo/AISM_0004022>	"Is the ridge of the head capsule surrounding the eye cuticle."@en	
<http://purl.obolibrary.org/obo/AISM_0004158>	"The region of the cuticle on the postero-ventral region of the episternum that is posterior to the anapleural sulcus."@en	
<http://purl.obolibrary.org/obo/AISM_0000027>	"The region of cuticle that corresponds with an evagination of the cuticle and the single layer epidermis (epidermal fold). The cuticular evagination usually corresponds to a cuticular protrusion (convexity on the surface of the cuticle)."@en	
<http://purl.obolibrary.org/obo/PATO_0000411>		
<http://purl.obolibrary.org/obo/AISM_0004226>	"The thoracic muscle that extends between the mesophragma and the abdominal tergite I."@en	
<http://purl.obolibrary.org/obo/AISM_0000019>	"Is the sclerite of the insect head that is attached to the neck membrane and the oral foraminal conjunctiva, bears the eye cuticle and surrounds the brain"@en	
<http://purl.obolibrary.org/obo/AISM_0004070>	"The appendage of the abdominal sternite VIII that is part of the ovipositor."@en	
<http://purl.obolibrary.org/obo/AISM_0004092>	"Is the conjunctiva of the insect abdomen that connects the abdominal tergite IV and the abdominal tergite V."@en	
<http://purl.obolibrary.org/obo/AISM_0000026>	"The appendage of the insect maxilla that is attached to the stipes by the stipito-lacinial conjunctiva."@en	
<http://purl.obolibrary.org/obo/AISM_0004015>	"Is the conjunctiva of the labium that connects the prementum and the paraglossa."@en	
<http://purl.obolibrary.org/obo/AISM_0004045>	"The posterior region of the head capsule that is adjacent to the posterior region of the vertex."@en	
<http://purl.obolibrary.org/obo/AISM_0004218>	"The thoracic muscle that extends between the mesofurca and the metafurca."@en	
<http://purl.obolibrary.org/obo/AISM_0002007>	"The cranio-antennal muscle that is continuous with the dorsal or dorsolateral regions of the scapus and the lateral or dorsolateral regions of the pedicellus."@en	
<http://purl.obolibrary.org/obo/AISM_0000057>	"Is the sclerite of the labium that is connected to the mentum by the mental-premental conjunctiva, to the palpiger by the premental-palpigeral conjunctiva, to the paraglossa by the premental-paraglossal conjunctiva, and to the glossa by the premental-glossal conjunctiva."@en	
<http://purl.obolibrary.org/obo/AISM_0004048>	"Is the ridge that runs along the posterior region of the head capsule."@en	
<http://purl.obolibrary.org/obo/AISM_0000067>	"The segment of a fore leg attached to the distal margin of the profemur by the profemoro-protibial conjunctiva and to the proximal margin of the protarsus by the protibio-protarsal conjunctiva."@en	
<http://purl.obolibrary.org/obo/AISM_0000023>	"The appendage of the insect maxilla that is attached to the stipes by the stipito-galeal conjunctiva."@en	
<http://purl.obolibrary.org/obo/AISM_0002024>	"The cranio-mandibular muscle that is continuous with the anterior tentorial arm and the insect mandible."@en	
<http://purl.obolibrary.org/obo/AISM_0000107>	"The cuticular region that is anterior (distal) to the neck membrane (encircled by the neck membrane) and contains the head capsule, the antenna, the eyes, mouthparts and surrounds the brain."@en	
<http://purl.obolibrary.org/obo/AISM_0004176>	"The conjunctiva that encircles the mesofemur by joining the distal margin of the mesotrochanter and the proximal margin of the mesofemur."@en	
<http://purl.obolibrary.org/obo/AISM_0004006>	"Is the sclerite of the labium that is attached to the prementum by the premental-palpigeral conjunctiva and to the labial palpus by the palpigero-palpal conjunctiva."@en	
<http://purl.obolibrary.org/obo/AISM_0002086>	"The insect abdominal muscle that runs along the lateral region, parallel to the dorsal-ventral axis."@en	
<http://purl.obolibrary.org/obo/AISM_0004205>	"The tergo-trochantinal muscle that is attached to the pronotum and the protrochantin."@en	
<http://purl.obolibrary.org/obo/AISM_0000185>	"Hairlike seta that is short and thick walled."@en	
<http://purl.obolibrary.org/obo/AISM_0004011>	"Is the conjunctiva of the insect maxilla that connects the stipes and the galea."@en	
<http://purl.obolibrary.org/obo/AISM_0004014>	"Is the conjunctiva of the labium that connects the prementum and the palpiger."@en	
<http://purl.obolibrary.org/obo/AISM_0002057>	"The cranio-labial muscle that is continuous with the prementum and the labial palpus."@en	
<http://purl.obolibrary.org/obo/AISM_0000113>	"The segment of the antenna that is connected to the head capsule and the antennifer by the basal antennal conjunctiva and to the pedicellus by the scapal-pedicellar conjunctiva."@en	
<http://purl.obolibrary.org/obo/AISM_0004035>	"Is the sclerite on the ventral region of the head capsule that is limited laterally by the gular ridges, posteriorly by the foramen occipitale and anteriorly by the submentum."@en	
<http://purl.obolibrary.org/obo/AISM_0000125>	"The conjunctiva of the hind leg joining the distal margin of a metacoxa and the proximal margin of a metatrochanter."@en	
<http://purl.obolibrary.org/obo/AISM_0000044>	"Is a mouthpart appendage of the head capsule, between the insect mandible and the labium, composed of cardo, which is attached to the stipes by the cardo-stipital conjunctiva; the stipes, which is attached to the galea by the stipito-galeal conjunctiva, to the lacinia by the stipito-lacinial conjunctiva, and to the palpifer by the stipito-palpiferal conjunctiva; the palpifer is attached to the maxillary palpus by the palpifero-palpal conjunctiva."@en	
<http://purl.obolibrary.org/obo/AISM_0004194>	"The appendage of the fore leg that is attached to the protarsus by the protarso-propretarsal conjunctiva."@en	
<http://purl.obolibrary.org/obo/AISM_0004156>	"The sulcus of the pleuron delimiting the dorsal region of the preepisternum and the ventral region of the anepisternum."@en	
<http://purl.obolibrary.org/obo/AISM_0004105>	"Is the abdominal sternite of the preabdomen that is attached to the posterior margin of the abdominal sternite II by the abdominal sternite II-abdominal sternite III conjunctiva and to the anterior margin of the abdominal sternite IV by the abdominal sternite III-abdominal sternite IV conjunctiva."@en	
<http://purl.obolibrary.org/obo/AISM_0004030>	"The suture that is on the vertex and is connected to the coronal suture."@en	
<http://purl.obolibrary.org/obo/AISM_0004165>	"The bilaterally paired region of the cuticle of the postabdomen located between the epiproct and the paraproct"@en	
<http://purl.obolibrary.org/obo/AISM_0004089>	"Is the conjunctiva of the insect abdomen that connects the abdominal tergite III and the abdominal tergite IV."@en	
<http://purl.obolibrary.org/obo/AISM_0004051>	"Is the region of the cuticle that is composed of the clypeus and the labrum."@en	
<http://purl.obolibrary.org/obo/AISM_0004034>	"Is the ridge of the head capsule that separates the clypeus and the frons."	
<http://purl.obolibrary.org/obo/PATO_0001873>		
<http://purl.obolibrary.org/obo/AISM_0002025>	"The cranio-mandibular muscle that extends between the anterior tentorial arm and the dorso-medial region of the insect mandible."@en	
<http://purl.obolibrary.org/obo/AISM_0004124>	"Is the conjunctiva of the insect abdomen that connects the abdominal sternite IX and the abdominal sternite X."@en	
<http://purl.obolibrary.org/obo/AISM_0000005>	"The region of the cuticle that corresponds to a concave surface."@en	
<http://purl.obolibrary.org/obo/AISM_0004171>	"The segment of a fore leg attached to the distal margin of the procoxa by the procoxal-protrochanteral conjunctiva and to the proximal margin of the profemur by the protrochantero-profemoral conjunctiva."@en	
<http://purl.obolibrary.org/obo/AISM_0002026>	"The skeletal muscle continuous with the head capsule and the insect maxilla."@en	
<http://purl.obolibrary.org/obo/AISM_0002004>	"The cranio-antennal muscle that extends between the dorsal or anterior tentorial arm and the proximo-lateral margin of the scapus."@en	
<http://purl.obolibrary.org/obo/AISM_0004140>	"The part of the sternum that is attached to the posterior margin of the spinasternum."@en	
<http://purl.obolibrary.org/obo/AISM_0002027>	"The cranio-maxillar muscle that is continuous with the gena and the cardo."@en	
<http://purl.obolibrary.org/obo/AISM_0004055>	"Is the region of cuticle of the insect abdomen that is posteriorly connected to the postabdomen."@en	
<http://purl.obolibrary.org/obo/AISM_0000046>	"The conjunctiva of the insect thorax joining the prothorax and the mesothorax."@en	
<http://purl.obolibrary.org/obo/AISM_0004012>	"Is the conjunctiva of the insect maxilla that connects the palpifer and the maxillary palpus."@en	
<http://purl.obolibrary.org/obo/AISM_0004134>	"The sclerite of the insect thorax that is part of the pleuron and posterior to the pleural ridge and attached to the posterior margin of the episternum."@en	
<http://purl.obolibrary.org/obo/AISM_0000096>	"The conjunctiva of the prothorax that joins the prosternum and the procoxa."@en	
<http://purl.obolibrary.org/obo/AISM_0000105>	"The conjunctiva of the insect head that is connected to the oral foraminal conjunctiva and to the distal margin of the labrum."@en	
<http://purl.obolibrary.org/obo/PATO_0000402>		
<http://purl.obolibrary.org/obo/AISM_0000066>	"The segment of the fore leg that is attached to the latero-ventral region of the prothorax by the basal procoxal conjunctiva and to the protrochanter by the procoxal-protrochanteral conjunctiva."@en	
<http://purl.obolibrary.org/obo/AISM_0004139>	"The part of the sternum that is attached to the posterior margin of the furcasternum and to the anterior margin of the poststernite."@en	
<http://purl.obolibrary.org/obo/AISM_0004046>	"Is the region of the head capsule that comprises the posterior region of the subgena."@en	
<http://purl.obolibrary.org/obo/AISM_0000087>	"Is the mouthpart appendage composed of the submentum, which is attached by the submental-mental conjunctiva to the mentum, which is attached by the mental-premental conjunctiva to the prementum, which is attached to the palpiger by the premental-palpigeral conjunctiva, the paraglossa by the premental-paraglossal conjunctiva, and the glossa by the premental-glossal conjunctiva; the palpiger is attached by the palpigero-palpal conjunctiva to the labial palpus."@en	
<http://purl.obolibrary.org/obo/AISM_0000090>	"The usually cylindircal evagination of the cuticle that is resilin rich and is continuous with skeletal muscles."@en	
<http://purl.obolibrary.org/obo/AISM_0000059>	"The sclerite that is attached to cranial muscles, procoxal muscles, contiuous posterioirly with the neck membrane and with pronoto-propleural conjunctiva and not adjacent (not touching) to the procoxa."	
<http://purl.obolibrary.org/obo/AISM_0004160>	"The region of the cuticle on the ventral region of the epimeron."@en	
<http://purl.obolibrary.org/obo/AISM_0004216>	"The thoracic muscle that extends between two furcae."@en	
<http://purl.obolibrary.org/obo/AISM_0002067>	"The insect thoracic muscle that runs parallel to the dorsal-ventral axis."@en	
<http://purl.obolibrary.org/obo/AISM_0004153>	"The epipleurite that is adjacent to the notum, is attached to the coxa via muscle, is surrounded by the noto-pleural conjunctiva, and is posterior to the first axillary sclerite."@en	
<http://purl.obolibrary.org/obo/AISM_0000131>	"The seta that has multiple cuticular pores (openings of class III exocrine glands)."@en	
<http://purl.obolibrary.org/obo/UBERON_6007284>		
<http://purl.obolibrary.org/obo/AISM_0002034>	"The cranio-maxillar muscle that is continuous with the stipes and the galea."@en	
<http://purl.obolibrary.org/obo/PATO_0000984>		
<http://purl.obolibrary.org/obo/AISM_0004201>	"The conjunctiva of the postabdomen that joins the phallobase and the parameres."@en	
<http://purl.obolibrary.org/obo/AISM_0000501>	"The protrusion on a sclerite that is elongated."	
<http://purl.obolibrary.org/obo/AISM_0000069>	"The segment of a hind leg attached to the distal margin of the metafemur by the metafemoro-metatibial conjunctiva and to the proximal margin of the metatarsus by the metatibio-metatarsal conjunctiva."@en	
<http://purl.obolibrary.org/obo/AISM_0004068>	"The paired sclerite of the postabdomen that is attached to the abdominal sternite VII by the abdominal sternite VII-gonocoxa conjunctiva and is articulated with abdominal tergite IX. It is attached at the base of gonostylus VIII and adjacent to the gonopore."@en	
<http://purl.obolibrary.org/obo/AISM_0002006>	"The cranio-antennal muscle that is continuous with the frons and the pedicellus."@en	
<http://purl.obolibrary.org/obo/AISM_0004013>	"Is the conjunctiva of the labium that connects the submentum and the mentum."@en	
<http://purl.obolibrary.org/obo/AISM_0000033>	"The flat, paired appendage on the dorso-lateral region of the pterothorax."@en	
<http://purl.obolibrary.org/obo/AISM_0004053>	"The sense organ of the insect head that is covered by eye cuticle."@en	
<http://purl.obolibrary.org/obo/AISM_0002028>	"The cranio-maxillar muscle that is continuous with the gena and the lacinia."@en	
<http://purl.obolibrary.org/obo/AISM_0000082>	"The skeletal muscle continuous with the head capsule and the insect mandible."@en	
<http://purl.obolibrary.org/obo/AISM_0004086>	"Is the conjunctiva of the insect abdomen that connects the abdominal tergite I and the abdominal tergite II."@en	
<http://purl.obolibrary.org/obo/AISM_0004082>	"The conjunctiva between the insect thorax and the insect abdomen that connects the posterior margin of the metanotum to the anterior margin of the abdominal tergite I."@en	
<http://purl.obolibrary.org/obo/AISM_0004114>	"Is the conjunctiva of the insect abdomen that connects the abdominal sternite V and the abdominal sternite VI."@en	
<http://purl.obolibrary.org/obo/AISM_0002008>	"The cranio-antennal muscle that is continuous with the scapus and the pedicellus."@en	
<http://purl.obolibrary.org/obo/AISM_0004137>	"The part of the sternum that is attached to the posterior margin of the presternum and to the anterior margin of the furcasternum."@en	
<http://purl.obolibrary.org/obo/AISM_0004123>	"Is the conjunctiva of the insect abdomen that connects the abdominal sternite VIII and the abdominal sternite IX."@en	
<http://purl.obolibrary.org/obo/AISM_0000143>	"The furca of the prothorax that is attached to the procoxa via muscle."@en	
<http://purl.obolibrary.org/obo/AISM_0004088>	"Is the conjunctiva of the insect abdomen that connects the abdominal tergite II and the abdominal tergite III."@en	
<http://purl.obolibrary.org/obo/AISM_0004102>	"The conjunctiva between the insect thorax and the insect abdomen that connects the posterior margin of the metasterum to the anterior margin of the abdominal sternite I."@en	
<http://purl.obolibrary.org/obo/AISM_0004178>	"The conjunctiva that encircles the tibia by joining the distal margin of the femur and the proximal margin of the tibia."@en	
<http://purl.obolibrary.org/obo/AISM_0000167>	"The anatomical surface where two sclerites meet."@en	
<http://purl.obolibrary.org/obo/AISM_0004209>	"The thoracic muscle that extends between the pronotum and the mesonotum."@en	
<http://purl.obolibrary.org/obo/AISM_0000094>	"The conjunctiva of the insect thorax that joins the mesopleuron and the metapleuron."@en	
<http://purl.obolibrary.org/obo/AISM_0004214>	"The thoracic muscle that is attached to a furca and to a coxa."@en	
<http://purl.obolibrary.org/obo/AISM_0004215>	"The thoracic muscle that is attached to a furca and to a trochanter."@en	
<http://purl.obolibrary.org/obo/AISM_0000142>	"The furca of the metathorax that is attached to the metacoxa via muscle."@en	
<http://purl.obolibrary.org/obo/AISM_0002051>	"The cranio-labial muscle that is continuous with the posterior tentorial arm and the prementum."@en	
<http://purl.obolibrary.org/obo/AISM_0000103>	"The conjunctiva that encircles the mesocoxa and connects it to the ventral and lateral regions of the mesothorax."@en	
<http://purl.obolibrary.org/obo/AISM_0002005>	"The cranio-antennal muscle that is continuous with the dorsal or anterior tentorial arm and the proximal margin of the scapus."@en	
<http://purl.obolibrary.org/obo/AISM_0002003>	"The cranio-antennal muscle that is continuous with the dorsal or anterior tentorial arm and the proximo-dorsal margin of the scapus."@en	
<http://purl.obolibrary.org/obo/AISM_0004090>	"Is the abdominal tergite of the preabdomen that is attached to the posterior margin of the abdominal tergite III by the abdominal tergite III-abdominal tergite IV conjunctiva and to the anterior margin of the abdominal tergite V by the abdominal tergite IV-abdominal tergite V conjunctiva."@en	
<http://purl.obolibrary.org/obo/AISM_0000169>	"The notum or sclerite on the dorsal region of the metathorax that is posterior to the mesonotum, connected via the metanoto-metapleural conjuntiva to the dorsal margin of the metapleuron, that is not adjacent to the metacoxa, but attached to it by the metacoxal muscle."@en	
<http://purl.obolibrary.org/obo/AISM_0002010>	"The cranio-labral muscle that is continuous with the frontoclypeal ridge and the labrum."@en	
<http://purl.obolibrary.org/obo/AISM_0004174>	"The conjunctiva that encircles the femur by joining the distal margin of the trochanter and the proximal margin of the femur."@en	
<http://purl.obolibrary.org/obo/AISM_0004106>	"Is the abdominal sternite of the preabdomen that is attached to the posterior margin of the abdominal sternite III by the abdominal sternite III-abdominal sternite IV conjunctiva and to the anterior margin of the abdominal sternite V by the abdominal sternite IV-abdominal sternite V conjunctiva."@en	
<http://purl.obolibrary.org/obo/AISM_0004074>	"The region of the cuticle thar is proximally attached to the gonopore."@en	
<http://purl.obolibrary.org/obo/AISM_0004143>	"The sclerite of the notum that is attached to the posterior margin of the scutellum."@en	
<http://purl.obolibrary.org/obo/AISM_0000156>	"The cuticular depression that is circular."	
<http://purl.obolibrary.org/obo/AISM_0000039>	"The unicellular cuticular evagination that constitutes a sclerite with its base surrounded by socket membrane."@en	
<http://purl.obolibrary.org/obo/AISM_0000138>	"The cuticular invagination that is hollow."@en	
<http://purl.obolibrary.org/obo/AISM_0004170>	"The conjunctiva of the leg joining the distal margin of a coxa and the proximal margin of a femur."@en	
<http://purl.obolibrary.org/obo/AISM_0004222>	"The conjunctiva of the insect thorax that joins the notum and the pleuron."@en	
<http://purl.obolibrary.org/obo/AISM_0000063>	"The ring sclerite that is part of an appendage and is attached to muscle."@en	
<http://purl.obolibrary.org/obo/AISM_0002079>	"The dorsoventral thoracic muscle that extends between the antero-lateral region of the pronotum and the medial region of the propleuron."@en	
<http://purl.obolibrary.org/obo/AISM_0004213>	"The thoracic muscle that attaches to the pleuron and to a coxa."@en	
<http://purl.obolibrary.org/obo/AISM_0000121>	"The sclerite on the ventral region of the mesothorax that bears the mesofurca and is attached to the mesopleuro-mesosternal conjunctiva."@en	
<http://purl.obolibrary.org/obo/AISM_0000200>	"The paired sclerite of the postabdomen that is attached to the abdominal tergite IX by the abdominal tergite IX-gonocoxa IX conjunctiva and is articulated with abdominal tergite IX."@en	
<http://purl.obolibrary.org/obo/UBERON_6007289>		
<http://purl.obolibrary.org/obo/AISM_0004061>	"The paired sclerite of the insect abdomen that is attached to the lateral margin of the abdominal tergite X by the abdominal tergite X-paraproct conjunctiva."@en	
<http://purl.obolibrary.org/obo/AISM_0004033>	"Is the lateral region of the head capsule that is adjacent to the foramen occipitale"@en	
<http://purl.obolibrary.org/obo/AISM_0002080>	"The dorsoventral thoracic muscle that extends between the tentorium and the prophragma."@en	
<http://purl.obolibrary.org/obo/PATO_0001369>		
<http://purl.obolibrary.org/obo/AISM_0004075>	"The anatomical space in the postabdomen that marks the opening of the reproductive system."@en	
<http://purl.obolibrary.org/obo/AISM_0004229>	"The conjunctiva of the insect thorax that joins the mesonotum and the metanotum."@en	
<http://purl.obolibrary.org/obo/PATO_0002228>		
<http://purl.obolibrary.org/obo/AISM_0000002>	"The region of the cuticle that is composed two articular surfaces that are adjacent to each other."@en	
<http://purl.obolibrary.org/obo/AISM_0000109>	"The region of the cuticle that is posterior to the thorax."	
<http://purl.obolibrary.org/obo/AISM_0004175>	"The conjunctiva that encircles the profemur by joining the distal margin of the protrochanter and the proximal margin of the profemur."@en	
<http://purl.obolibrary.org/obo/AISM_0000070>	"The segment of a fore leg attached to the distal margin of the protrochanter by the protrochantero-profemoral conjunctiva and to the proximal margin of the protibia by the profemoro-protibial conjunctiva."@en	
<http://purl.obolibrary.org/obo/AISM_0000159>	"Is the conjunctiva in the head capsule that forms a pouch between the hypopharynx and the labium and bears the exocrine gland duct."@en	
<http://purl.obolibrary.org/obo/AISM_0002076>	"The phragma of the mesonotum that attaches to muscles attached to the pronotum."@en	
<http://purl.obolibrary.org/obo/AISM_0002084>	"The dorsoventral thoracic muscle that extends between the profurca and the mesonotum."@en	
<http://purl.obolibrary.org/obo/AISM_0004077>	"The region of cuticle of the postabdomen that is distal to the genital chamber."@en	
<http://purl.obolibrary.org/obo/AISM_0004129>	"The region of the cuticle on the lateral region of the insect thorax that is attached to the notum and the sternum and is attached to the coxae by skeletal muscle tissue and the basal coxal conjunctiva."@en	
<http://purl.obolibrary.org/obo/AISM_0000076>	"The segment of a leg attached to the distal margin of the trochanter by the trochantero-femoral conjunctiva and to the proximal margin of the tibia by the femoro-tibial conjunctiva."@en	
<http://purl.obolibrary.org/obo/AISM_0000190>	"The cuticular protrusion (process, protuberace) that bears the cranial articular surface of the cranio-antennal articulation."@en	
<http://purl.obolibrary.org/obo/AISM_0004019>	"Is the region of the head capsule that is anterior to the frons and is attached to the labrum by the clypeo-labral conjunctiva"@en	
<http://purl.obolibrary.org/obo/AISM_0000532>		
<http://purl.obolibrary.org/obo/AISM_0004116>	"Is the conjunctiva of the insect abdomen that connects the abdominal sternite VII and the abdominal sternite VIII."@en	
<http://purl.obolibrary.org/obo/AISM_0004029>	"The suture that surrounds the frons and is connected to the coronal suture."@en	
<http://purl.obolibrary.org/obo/AISM_0000062>	"The sclerite that is cylindrical and encircles and is encircled by conjunctiva."@en	
<http://purl.obolibrary.org/obo/AISM_0004065>	"The region of cuticle of the postabdomen that is attached to the abdominal sternite IX by the abdominal sternite IX-phallobase conjunctiva and to the paramere by the phallobasal-parameral conjunctiva."@en	
<http://purl.obolibrary.org/obo/AISM_0000147>	"The skeletal muscle that inserts in the femur."@en	
<http://purl.obolibrary.org/obo/AISM_0000525>	"The cuticular protrusion of a sclerite that is small."@en	
<http://purl.obolibrary.org/obo/AISM_0004192>	"The conjunctiva that encircles the mesopretarsus by joining the distal margin of the distalmost mesotarsomere and the proximal margin of the mesopretarsus."@en	
<http://purl.obolibrary.org/obo/AISM_0004038>	"Is the apophysis of the tentorium that is connected to an anterior tentorial pit."@en	
<http://purl.obolibrary.org/obo/AISM_0000157>	"The cuticular depression that does not correspond to an epithelial fold."@en	
<http://purl.obolibrary.org/obo/AISM_0004017>	"Is the conjunctiva of the labium that connects the palpiger and the labial palpus."@en	
<http://purl.obolibrary.org/obo/AISM_0004027>	"Is the lateral region of the head capsule that connects dorsally to the ventral side of the gena and ventrally to the mandible."@en	
<http://purl.obolibrary.org/obo/AISM_0004206>	"The tergo-trochantinal muscle that is attached to the mesonotum and the mesotrochantin."@en	
<http://purl.obolibrary.org/obo/AISM_0000531>		
<http://purl.obolibrary.org/obo/AISM_0000158>	"The invagination on a sclerite that is elongated."	
<http://purl.obolibrary.org/obo/AISM_0004227>	"The thoracic muscle that extends between the metafurca and an abdominal sternite."@en	
<http://purl.obolibrary.org/obo/AISM_0000117>	"The first flagellomere of the antenna, attached to the pedicel by the pedicel-first flagellomere conjunctiva."@en	
<http://purl.obolibrary.org/obo/AISM_0000151>	"The skeletal muscle that inserts in the mesofemur."@en	
<http://purl.obolibrary.org/obo/AISM_0000196>	"The pit that correspods to the tentorium."	
<http://purl.obolibrary.org/obo/AISM_0004037>	"Is the apophysis of the tentorium that originates from each posterior tetorial pit."@en	
<http://purl.obolibrary.org/obo/UBERON_0004175>		
<http://purl.obolibrary.org/obo/AISM_0004067>	"The region of the cuticle in the postabdomen that is attached to the genital chamber."@en	
<http://purl.obolibrary.org/obo/PATO_0001355>		
<http://purl.obolibrary.org/obo/AISM_0002066>	"The thoracic muscle that is not fan-shaped and runs along the dorsal region, parallel to the anterior-posterior axis."@en	
<http://purl.obolibrary.org/obo/AISM_0000073>	"The ring sclerite that is part of an appendage and is not attached to skeletal muscle tissue."@en	
<http://purl.obolibrary.org/obo/AISM_0004149>	"The region of the cuticle of the dorso-lateral region of the pterothorax that is surrounded by the noto-pleural conjunctiva and articulated with the episternum."@en	
<http://purl.obolibrary.org/obo/AISM_0004069>	"The region of the cuticle that is connected to the oviduct, the bursa copulatrix and the gonocoxa VIII, and is adjacent to the gonopore."@en	
<http://purl.obolibrary.org/obo/AISM_0004187>	"The conjunctiva that encircles the pretarsus by joining the distal margin of the distalmost tarsomere and the proximal margin of the pretarsus."@en	
<http://purl.obolibrary.org/obo/AISM_0000174>	"The region of the insect integument that is part of the insect cuticle."@en	
<http://purl.obolibrary.org/obo/AISM_0004211>	"The thoracic muscle that extends between the notum (or tergum) and the coxa."@en	
<http://purl.obolibrary.org/obo/AISM_0004210>	"The thoracic muscle that extends between the mesonotum and the metanotum."@en	
<http://purl.obolibrary.org/obo/AISM_0002050>	"The cranio-labial muscle that is continuous with the postoccipital phragma and  the prementum."@en	
<http://purl.obolibrary.org/obo/AISM_0000148>	"The skeletal muscle that inserts in the tibia."@en	
<http://purl.obolibrary.org/obo/AISM_0000068>	"The segment of a mid leg attached to the distal margin of the mesofemur by the mesofemoro-mesotibial conjunctiva and to the proximal margin of the mesotarsus by the mesotibio-mesotarsal conjunctiva."@en	
<http://purl.obolibrary.org/obo/AISM_0000015>	"The articulation between the cardo and the cranium."@en	
<http://purl.obolibrary.org/obo/AISM_0002064>	"The skeletal muscle tissue that is part of the insect leg."@en	
<http://purl.obolibrary.org/obo/AISM_0000072>	"The segment of a hind leg attached to the distal margin of the metatrochanter by the metatrochantero-metafemoral conjunctiva and to the proximal margin of the metatibia by the metafemoro-metatibial conjunctiva."@en	
<http://purl.obolibrary.org/obo/AISM_0004023>	"Is the foramen of the head capsule that connects with the neck membrane and is divided by the tentorial bridge into alaforamen and neuroforamen."@en	
<http://purl.obolibrary.org/obo/AISM_0000178>	"The solid cuticular protrusion that coincides with only one epidermal cell (smaller than the diameter of the epidermal cell)."@en	
<http://purl.obolibrary.org/obo/AISM_0000022>	"The axillary sclerite that is part of the dorsal region of the basal wing conjunctiva and is anterior to the third axillary sclerite."@en	
<http://purl.obolibrary.org/obo/AISM_0004219>	"The noto-pleural conjunctiva that joins the mesonotum and the mesopleuron."@en	
<http://purl.obolibrary.org/obo/AISM_0004041>	"The arthropod foramen that is part of the foramen occipitale and located below the tentorial bridge."@en	
<http://purl.obolibrary.org/obo/AISM_0000141>	"The furca of the mesothorax that is attached to the mesocoxa via muscle."@en	
<http://purl.obolibrary.org/obo/AISM_0000074>	"The mere that is part of the tarsus."@en	
<http://purl.obolibrary.org/obo/AISM_0000029>	"The evagination of the cuticle that is musculated (connected to the body via muscles)."	
<http://purl.obolibrary.org/obo/AISM_0002044>	"The cranio-maxillar muscle that is continuous with the third maxillar palpomere and  the fourth maxillar palpomere."@en	
<http://purl.obolibrary.org/obo/AISM_0002021>	"The cranio-mandibular muscle that is continuous with the suspensorium and the insect mandible."@en	
<http://purl.obolibrary.org/obo/AISM_0002062>	"The cranio-antennal muscle that is continuous with the tentorial bridge and the frons."@en	
<http://purl.obolibrary.org/obo/AISM_0004200>	"Is the conjunctiva of the postabdomen that joins the parameres and the aedeagus."@en	
<http://purl.obolibrary.org/obo/AISM_0004234>	"The pouch that is circular."@en	
<http://purl.obolibrary.org/obo/AISM_0004031>	"Is the ridge of the head capsule comprising the posterior region of the subgenal ridge."@en	
<http://purl.obolibrary.org/obo/AISM_0000192>	"The insect cranial muscle that connects the tentorium and the antenna."@en	
<http://purl.obolibrary.org/obo/AISM_0004186>	"The region of the cuticle on the lateral region of the mesothorax that is attached to the mesonotum and the mesosternum, and is attached to the mesocoxa by the mesocoxal muscle and the basal mesocoxal conjunctiva."@en	
<http://purl.obolibrary.org/obo/AISM_0002031>	"The ridge that is part of the stipes."@en	
<http://purl.obolibrary.org/obo/BSPO_0000677>		
<http://purl.obolibrary.org/obo/AISM_0002088>	"The insect abdominal muscle that runs along the dorsal region, parallel to the anterior-posterior axis."@en	
<http://purl.obolibrary.org/obo/AISM_0004189>	"The segment of the mid leg that is composed of mesotarsomeres connected to each other by intertarsomeral conjunctiva. The first mesotarsomere is connected to the distal margin of the mesotibia by the mesotibio-mesotarsal conjunctiva and the last mesotarsomere is connected to the proximal margin of the mesopretarsus by the mesotarso-mesopretarsal conjunctiva."@en	
<http://purl.obolibrary.org/obo/PATO_0001543>		
<http://purl.obolibrary.org/obo/AISM_0004108>	"Is the abdominal sternite of the preabdomen that is attached to the posterior margin of the abdominal sternite V by the abdominal sternite V-abdominal sternite VI conjunctiva and to the anterior margin of the abdominal sternite VII by the abdominal sternite VI-abdominal sternite VII conjunctiva."@en	
<http://purl.obolibrary.org/obo/AISM_0002042>	"The cranio-maxillar muscle that is continuous with the first maxillar palpomere and  the second maxillar palpomere."@en	
<http://purl.obolibrary.org/obo/AISM_0000097>	"The conjunctiva of the metathorax that joins the metapleuron and the metacoxa."	
<http://purl.obolibrary.org/obo/AISM_0002061>	"The skeletal muscle continuous with the head capsule and the tentorium."@en	
<http://purl.obolibrary.org/obo/AISM_0000064>	"The segment of the mid leg that is attached to the latero-ventral region of the mesothorax by the basal mesocoxal conjunctiva and to the mesotrochanter by the mesocoxal-mesotrochanteral conjunctiva."@en	
<http://purl.obolibrary.org/obo/AISM_0002087>	"The insect abdominal muscle that runs along the ventral region, parallel to the anterior-posterior axis."@en	
<http://purl.obolibrary.org/obo/AISM_0004080>	"The sulcus that coincides with the precoxal ridge."@en	
<http://purl.obolibrary.org/obo/AISM_0002013>	"The cranio-labral muscle that extends betwen the sides of  the labrum."@en	
<http://purl.obolibrary.org/obo/AISM_0000093>	"The conjunctiva of the insect head that is attached to the salivarium and to the oral foraminal conjunctiva."@en	
<http://purl.obolibrary.org/obo/AISM_0000060>	"The mere that is part of the labial palpus."@en	
<http://purl.obolibrary.org/obo/AISM_0004083>	"The region of the cuticle that is continuous with the genital chamber."@en	
<http://purl.obolibrary.org/obo/BSPO_0000678>		
<http://purl.obolibrary.org/obo/AISM_0004191>	"The conjunctiva that encircles the propretarsus by joining the distal margin of the distalmost protarsomere and the proximal margin of the propretarsus."@en	
<http://purl.obolibrary.org/obo/AISM_0002071>	"The dorsal longitudinal muscle continuous with the prophragma and the postocciput."@en	
<http://purl.obolibrary.org/obo/AISM_0000116>	"The mere that is part of the antenna."@en	
<http://purl.obolibrary.org/obo/AISM_0004066>	"The region of the cuticle of the endophallus that is thicker."@en	
<http://purl.obolibrary.org/obo/AISM_0002039>	"The maxillary palpomere that is attached to the distal margin of the maxillary palpomere II and to the proximal margin of the maxillary palpomere IV."@en	
<http://purl.obolibrary.org/obo/AISM_0000195>	"The tentorial pit that correspods to the posterior (ventral in prognathous head) end of the tentorium."	
<http://purl.obolibrary.org/obo/AISM_0004003>	"Is the sclerite of the labium that is cmposed of the submentum and the mentum, which are connected by the submental-mental conjunctiva"@en	
<http://purl.obolibrary.org/obo/AISM_0000112>	"The conjunctiva that encircles the base of the antenna (scape) and is encircled by the head capsule as the antennal foramen."@en	
<http://purl.obolibrary.org/obo/AISM_0004142>	"The region of the cuticle on the lateral region of the prothorax that is attached to the pronotum and the prosternum, and is attached to the procoxa by the procoxal muscle and the basal procoxal conjunctiva."@en	
<http://purl.obolibrary.org/obo/AISM_0000128>	"The region of cuticle that corresponds to the evagination of the single layer epithelium."@en	
<http://purl.obolibrary.org/obo/AISM_0002023>	"The cranio-mandibular muscle that extends between the anterior tentorial arm and the proximal-ventral margin of the insect mandible."@en	
<http://purl.obolibrary.org/obo/AISM_0004078>	"The region of the cuticle that is part of the oviduct and connected to the bursa copulatrix."@en	
<http://purl.obolibrary.org/obo/AISM_0000037>	"The paired insect wing that is continuous with the mesonotum."@en	
<http://purl.obolibrary.org/obo/AISM_0000099>	"The conjunctiva of the insect head that connects the head capsule and the mouthparts."@en	
<http://purl.obolibrary.org/obo/AISM_0004126>	"The region of the cuticle of the pterothorax that bears mid legs and fore wings."@en	
<http://purl.obolibrary.org/obo/AISM_0000034>	"The paired appendage of the prothorax that is anterior to a mid leg and composed of procoxa, protrochanter, profemur, protibia, protarsus, and propretarsus."@en	
<http://purl.obolibrary.org/obo/AISM_0004151>	"The sclerite of the insect thorax that is surrounded by the noto-pleural conjunctiva and is adjacent to the wing."@en	
<http://purl.obolibrary.org/obo/AISM_0002040>	"The maxillary palpomere that is attached to the distal margin of the maxillary palpomere III and to the proximal margin of the maxillary palpomere V."@en	
<http://purl.obolibrary.org/obo/AISM_0002032>	"The cranio-maxillar muscle that is continuous with the tentorium and the stipes."@en	
<http://purl.obolibrary.org/obo/AISM_0000021>	"Is the abdominal tergite of the preabdomen that is attached to the posterior margin of the tergum by the metanoto-abdominal tergite I conjunctiva and to the anterior margin of the abdominal tergite II by the abdominal tergite I-abdominal tergite II conjunctiva."@en	
<http://purl.obolibrary.org/obo/AISM_0004161>	"The sclerite that is surrounded by the basal wing conjunctiva."@en	
<http://purl.obolibrary.org/obo/AISM_0004026>	"Is the lateral region of the head capsule, connected dorsally to the sides of the vertex."@en	
<http://purl.obolibrary.org/obo/AISM_0004063>	"The cuticular invagination of the postabdomen that is attached distally to the gonopore and basally to the aedeagus."@en	
<http://purl.obolibrary.org/obo/AISM_0000119>	"The region of the cuticle on the lateral region of the metathorax that is attached to the metanotum and the metasternum, and is attached to the metacoxa by the metacoxal muscle and the basal metacoxal conjunctiva."@en	
<http://purl.obolibrary.org/obo/BSPO_0000679>		
<http://purl.obolibrary.org/obo/AISM_0000134>	"The branching cuticular invagination that corresponds to the invagination of the membrane of a single cell and does not contain taenidia."@en	
<http://purl.obolibrary.org/obo/AISM_0002068>	"The thoracic muscle that extends between the notum (or tergum) and the pleura."@en	
<http://purl.obolibrary.org/obo/AISM_0002065>	"The skeletal muscle tissue that is part of the insect thorax."@en	
<http://purl.obolibrary.org/obo/AISM_0004101>	"The conjunctiva of the metathorax that joins the metapleura and the metasternum."@en	
<http://purl.obolibrary.org/obo/AISM_0000058>	"The sclerite that is posterior to the pronotum and receives the site of attachment of the dilutor muscle of the first thoracic spiracle."@en	
<http://purl.obolibrary.org/obo/AISM_0000095>	"The conjunctiva of the mesothorax that joins the metasternum and the metacoxa."	
<http://purl.obolibrary.org/obo/AISM_0000041>	"The seta that is flat."	
<http://purl.obolibrary.org/obo/AISM_0004039>	"Is the apophysis of the tentorium that is connected to an anterior tentorial arm."@en	
<http://purl.obolibrary.org/obo/PATO_0002219>		
<http://purl.obolibrary.org/obo/AISM_0000136>	"The cuticular ivagination that is branched into umerous branches."	
<http://purl.obolibrary.org/obo/AISM_0000084>	"The skeletal muscle continuous with the head capsule and the labrum."@en	
<http://purl.obolibrary.org/obo/AISM_0000144>	"The apophysis that is located ventromedially on the thorax and is connected to the coxa via muscles."	
<http://purl.obolibrary.org/obo/AISM_0000177>	"The anatomical space that is contained by the cuticle and connects the inside of the insect with the outside, is tubular, and whose diameter is smaller than 100 nm."@en	
<http://purl.obolibrary.org/obo/AISM_0004232>	"The sclerite on the ventral region of the metathorax that bears the metafurca and is attached to the metapleuro-metasternal conjunctiva."@en	
<http://purl.obolibrary.org/obo/AISM_0004224>	"The axillary sclerite that is on the ventral region of the basal wing conjunctiva."@en	
<http://purl.obolibrary.org/obo/PATO_0040024>		
<http://purl.obolibrary.org/obo/AISM_0004125>	"Is the region of the cuticle of the insect thorax that is anteriorly connected to the head by the neck membrane, posteriorly connected to the mesothorax by the prothorax-mesothorax conjunctiva, and contains the pronotum, the propeluron, the prosternum and one pair of legs."@en	
<http://purl.obolibrary.org/obo/AISM_0000014>	"The articulation between the mandible and the cranium."@en	
<http://purl.obolibrary.org/obo/AISM_0004162>	"The ridge that is anterior to a coxa, demarcated by the anapleural sulcus."@en	
<http://purl.obolibrary.org/obo/AISM_0000085>	"The coxal muscle of the mesocoxa."@en	
<http://purl.obolibrary.org/obo/AISM_0004044>	"Is the ridge of the head capsule that encircles the antennal foramen."@en	
<http://purl.obolibrary.org/obo/AISM_0000052>	"The notum or sclerite on the dorsal region of the mesothorax that is posterior to the pronotum, connected via the mesonoto-mesopleural conjuntiva to the dorsal margin of the mesopleuron, that is not adjacent to the mesocoxa, but attached to it by the mesocoxal muscle."@en	
<http://purl.obolibrary.org/obo/AISM_0002037>	"The maxillary palpomere that is attached to the distal margin of the palpiger and to the proximal margin of the maxillary palpomere II."@en	
<http://purl.obolibrary.org/obo/AISM_0004091>	"Is the abdominal tergite of the preabdomen that is attached to the posterior margin of the abdominal tergite IV by the abdominal tergite IV-abdominal tergite V conjunctiva and to the anterior margin of the abdominal tergite VI by the abdominal tergite V-abdominal tergite VI conjunctiva."@en	
<http://purl.obolibrary.org/obo/AISM_0004150>	"The region of the cuticle of the dorso-lateral region of the pterothorax that is surrounded by the noto-pleural conjunctiva and articulated with the epimeron."@en	
<http://purl.obolibrary.org/obo/AISM_0000191>	"The solid, paired, branching cuticular invagination of the head capsule that is attached to the antenna and the mouthparts via muscles."@en	
<http://purl.obolibrary.org/obo/AISM_0004128>	"The dorsal region of the cuticle of the insect thorax that is attached to the dorsal margin of the pleuron."@en	
<http://purl.obolibrary.org/obo/AISM_0000163>	"The ridge that corresponds to the discrimenal lamella."	
<http://purl.obolibrary.org/obo/AISM_0000153>	"The skeletal muscle that inserts in the protibia."@en	
<http://purl.obolibrary.org/obo/AISM_0000194>	"The tentorial pit that correspods to the anterior (dorsal in prognathous head) end of the tentorium."	
<http://purl.obolibrary.org/obo/AISM_0004202>	"The conjunctiva of the prothorax that joins the propleura and the prosternum."@en	
<http://purl.obolibrary.org/obo/AISM_0000160>	"The invagination of the cuticle that is largely membranous."@en	
<http://purl.obolibrary.org/obo/UBERON_0001134>	""	
<http://purl.obolibrary.org/obo/AISM_0002085>	"The skeletal muscle tissue that is part of the insect abdomen."@en	
<http://purl.obolibrary.org/obo/AISM_0004230>	"The conjunctiva of the mesothorax that joins the mesopleuron and the mesocoxa."@en	
<http://purl.obolibrary.org/obo/AISM_0004042>	"Is the posterior region of the head capsule that is continuous with the posterior region of the gena and is anterior to the postoccipital ridge."@en	
<http://purl.obolibrary.org/obo/AISM_0002058>	"The skeletal muscle continuous with the head capsule and the hypopharynx."@en	
<http://purl.obolibrary.org/obo/AISM_0000197>	"Is the anatomical space encircled a sclerite"@en	
<http://purl.obolibrary.org/obo/AISM_0004204>	"The thoracic muscle that attaches to the notum and to the trochantin."@en	
<http://purl.obolibrary.org/obo/AISM_0004002>	"The conjunctiva of the labium that connects the mentum and the prementum."@en	
<http://purl.obolibrary.org/obo/AISM_0004025>	"Is the dorsal region of the head capsule that surrounds the coronal suture, and is connected laterally to the genae."@en	
<http://purl.obolibrary.org/obo/AISM_0000081>	"The skeletal muscle continuous with the head capsule and the antenna."@en	
<http://purl.obolibrary.org/obo/AISM_0004104>	"Is the abdominal tergite of the preabdomen that is attached to the posterior margin of the abdominal sternite I by the abdominal sternite I-abdominal sternite II conjunctiva and to the anterior margin of the abdominal sternite III by the abdominal sternite II-abdominal sternite III conjunctiva."@en	
<http://purl.obolibrary.org/obo/AISM_0002012>	"The apodeme at either side of the proximal margin of the labrum."@en	
<http://purl.obolibrary.org/obo/AISM_0000080>	"The skeletal muscle continuous with the head capsule."@en	
<http://purl.obolibrary.org/obo/AISM_0004135>	"The sclerite that is located on the ventro-lateral region of the insect thorax and is attached to a coxa."@en	
<http://purl.obolibrary.org/obo/AISM_0004188>	"The segment of the leg that is composed of metatarsomeres connected to each other by intertarsomeral conjunctiva. The first metatarsomere is connected to the distal margin of the metatibia by the metatibio-metatarsal conjunctiva and the last metatarsomere is connected to the proximal margin of the metapretarsus by the metatarso-metapretarsal conjunctiva."@en	
<http://purl.obolibrary.org/obo/AISM_0002074>	"The dorsal longitudinal muscle continuous with the cervical sclerite and the postocciput."@en	
<http://purl.obolibrary.org/obo/AISM_0004117>	"Is the abdominal tergite of the postabdomen that is attached to the posterior margin of the abdominal tergite VIII by the abdominal tergite VIII-abdominal tergite IX conjunctiva and to the anterior margin of the abdominal tergite X by the abdominal tergite IX-abdominal tergite X conjunctiva."@en	
<http://purl.obolibrary.org/obo/AISM_0000040>	"The multicellular evagination of the cuticle that corresponds to an epithelial fold, composed of some sclerite that is encricled by a conjunctiva (moveable)."@en	
<http://purl.obolibrary.org/obo/AISM_0000133>	"The multiporous sensillum that is flat."@en	
<http://purl.obolibrary.org/obo/AISM_0004182>	"The conjunctiva that encircles the tarsus by joining the distal margin of the tibia and the proximal margin of the tarsus."@en	
<http://purl.obolibrary.org/obo/AISM_0004228>	"The phragma of the abdominal tergite I that attaches to muscles attached to the metanotum."@en	
<http://purl.obolibrary.org/obo/AISM_0000110>	"The conjunctiva of the insect maxilla that connects the cardo and the stipes."@en	
<http://purl.obolibrary.org/obo/AISM_0002053>	"The cranio-labial muscle that is continuous with the submentum and the prementum."@en	
<http://purl.obolibrary.org/obo/AISM_0002055>	"The cranio-labial muscle that is continuous with the prementum and the paraglossa."@en	
<http://purl.obolibrary.org/obo/AISM_0000091>	"The branching invagination of elastic cuticle that is cylindrical and contains taenidia."@en	
<http://purl.obolibrary.org/obo/AISM_0004217>	"The thoracic muscle that extends between the profurca and the mesofurca."@en	
<http://purl.obolibrary.org/obo/AISM_0000104>	"The conjunctiva that encircles the metacoxa and connects it to the ventral and lateral regions of the metathorax."@en	
<http://purl.obolibrary.org/obo/AISM_0000149>	"The skeletal muscle that inserts on the pretarsus."	
<http://purl.obolibrary.org/obo/AISM_0004221>	"The noto-pleural conjunctiva that joins the metanotum and the metapleuron."@en	
<http://purl.obolibrary.org/obo/AISM_0004146>	"The sclerite of the notum that is attached to the posterior margin of the scutum."@en	
<http://purl.obolibrary.org/obo/AISM_0000111>	"Is the sclerite of the insect maxilla that is attached to the cardo by the cardo-stipital conjunctiva, attached to the lacinia by the stipito-lacinial conjunctiva, attached to the palpifer by the stipito-palpiferal conjunctiva, and attached to the galea by the stipito-galeal conjunctiva."@en	
<http://purl.obolibrary.org/obo/AISM_0004169>	"The segment of the leg that is composed of tarsomeres connected to each other by intertarsomeral conjunctiva. The first tarsomere is connected to the distal margin of the tibia by the tibio-tarsal conjunctiva and last tarsomere is connected to the proximal margin of the pretarsus by the tarso-pretarsal conjunctiva."@en	
<http://purl.obolibrary.org/obo/PATO_0001154>		
<http://purl.obolibrary.org/obo/AISM_0000120>	"The conjunctiva of the prothorax that joins the propleuron and the procoxa."@en	
<http://purl.obolibrary.org/obo/AISM_0002082>	"The dorsoventral thoracic muscle that extends between the posterior region (occipital region) of the head capsule and the profurca."@en	
<http://purl.obolibrary.org/obo/AISM_0000042>	"Is the mouthpart and appendage that is attached to the clypeus by the clypeo-labral conjunctiva and to the proximal margin of the epipharynx."@en	
<http://purl.obolibrary.org/obo/AISM_0000127>	"The cuticular evagination that corresponds to the evagination on the membrane of a single cell and not to the evagination of a cell layer."	
<http://purl.obolibrary.org/obo/AISM_0000528>	"The anatomical collection that is composed of granules."@en	
<http://purl.obolibrary.org/obo/AISM_0000051>	"Is the appendage of the insect maxilla that is attached to the palpifer by the palpifero-palpal conjunctiva."@en	
<http://purl.obolibrary.org/obo/AISM_0004054>	"Are apophyses of the tentorium originating at each anterior tentorial arm."@en	
<http://purl.obolibrary.org/obo/AISM_0002029>	"The cranio-maxillar muscle that is continuous with the tentorium and the cardo."@en	
<http://purl.obolibrary.org/obo/AISM_0000045>	"The conjunctiva of the insect thorax that connects the mesothorax and the metathorax."@en	
<http://purl.obolibrary.org/obo/AISM_0000049>	"Is the appendage of the labium, and part of the ligula, that is attached to the prementum by the premental-glossal conjunctiva."@en	
<http://purl.obolibrary.org/obo/AISM_0000077>	"The segment of the leg that is attached to the latero-ventral region of the insect thorax by the basal coxal conjunctiva and to the trochanter by the coxal-trochanteral conjunctiva."@en	
<http://purl.obolibrary.org/obo/AISM_0000166>	"The insect articulation between the propleuron and the procoxa."@en	
<http://purl.obolibrary.org/obo/AISM_0002018>	"The cranio-mandibular muscle that is continuous with the gena and the insect mandible."@en	
<http://purl.obolibrary.org/obo/AISM_0000155>	"The skeletal muscle that inserts in the metatibia."@en	
<http://purl.obolibrary.org/obo/AISM_0004184>	"The conjunctiva that encircles the mesotarsus by joining the distal margin of the mesotibia and the proximal margin of the mesotarsus."@en	
<http://purl.obolibrary.org/obo/AISM_0004096>	"Is the conjunctiva of the insect abdomen that connects the abdominal tergite VI and the abdominal tergite VII."@en	
<http://purl.obolibrary.org/obo/AISM_0000140>	"The coiled ridge in the wall of the trachea."@en	
<http://purl.obolibrary.org/obo/AISM_0004064>	"The paired cuticular evagination of the postabdomen that is attached to the phallobase by the phallobasal-parameral conjunctiva and to the aedeagus by the paramero-aedeagal conjunctiva."@en	
<http://purl.obolibrary.org/obo/PATO_0000591>		
<http://purl.obolibrary.org/obo/BSPO_0000378>		
<http://purl.obolibrary.org/obo/AISM_0004043>	"Is the region of the head capsule that is continuous with the postgena and adjacent to the foramen occipitale."@en	
<http://purl.obolibrary.org/obo/AISM_0000198>	"The arthropod foramen of the head capsule that contains the antennifer and surrounds the scapus via the antenniferal-scapal conjunctiva."@en	
<http://purl.obolibrary.org/obo/AISM_0004008>	"Is the conjunctiva of the antenna that connects a flagellomere and other flagellomere."@en	
<http://purl.obolibrary.org/obo/AISM_0004100>	"The abdominal sternite of the preabdomen that is attached to the posterior margin of the metasternum by the metasterno-abdominal sternite I conjunctiva and to the anterior margin of the abdominal sternite II by the abdominal sternite I-abdominal sternite II conjunctiva."@en	
<http://purl.obolibrary.org/obo/AISM_0004220>	"The noto-pleural conjunctiva that joins the pronotum and the propleuron."@en	
<http://purl.obolibrary.org/obo/AISM_0002049>	"The phragma that is continuous with the postocciput."@en	
<http://purl.obolibrary.org/obo/AISM_0002063>	"The cranio-antennal muscle that is continuous with the tentorial bridge and the tentorium."@en	
<http://purl.obolibrary.org/obo/UBERON_0001001>		
<http://purl.obolibrary.org/obo/AISM_0004147>	"The sclerite that is on the lateral region of the notum and is adjacent to the wing."@en	
<http://purl.obolibrary.org/obo/AISM_0004198>	"The region of the cuticle of the postabdomen that is paired and connected to the anterior region of the gonocoxa IX."@en	
<http://purl.obolibrary.org/obo/AISM_0004057>	"The sclerite of the insect abdomen that is dorsal and medial."@en	
<http://purl.obolibrary.org/obo/AISM_0004131>	"The sclerite that is part of the pleuron."@en	
<http://purl.obolibrary.org/obo/AISM_0000053>	"The sclerite that is continuous with the basal mesocoxal conjunctiva and the basal wing conjunctiva and contains the mesofurca."@en	
<http://purl.obolibrary.org/obo/AISM_0004010>	"Is the conjunctiva of the insect maxilla that connects the stipes and the palpifer."@en	
<http://purl.obolibrary.org/obo/AISM_0004001>	"Is the sclerite of the insect maxilla that is attached to the stipes by the stipito-palpiferal conjunctiva and to the maxillary palpus by the palpifero-palpal conjunctiva."@en	
<http://purl.obolibrary.org/obo/AISM_0000000>	"The projection of the inner surface of the cuticle."@en	
<http://purl.obolibrary.org/obo/AISM_0000527>	"The cuticular protrusion of a sclerite that is sharp."@en	
<http://purl.obolibrary.org/obo/AISM_0002043>	"The cranio-maxillar muscle that is continuous with the second maxillar palpomere and  the third maxillar palpomere."@en	
<http://purl.obolibrary.org/obo/AISM_0000048>	"Is the appendage of the labium composed of the glossa and paraglossa jointly."@en	
<http://purl.obolibrary.org/obo/AISM_0000524>	"The fovea that is small."@en	
<http://purl.obolibrary.org/obo/AISM_0002036>	"The mere that is part of the maxillary palpus."@en	
<http://purl.obolibrary.org/obo/PATO_0000592>		
<http://purl.obolibrary.org/obo/BSPO_0000682>		
<http://purl.obolibrary.org/obo/AISM_0004183>	"The conjunctiva that encircles the protarsus by joining the distal margin of the protibia and the proximal margin of the protarsus."@en	
<http://purl.obolibrary.org/obo/AISM_0004060>	"The sclerite of the postabdomen that is attached to the posterior margin of the abdominal tergite X by the abdominal tergite X-epiproct conjunctiva."@en	
<http://purl.obolibrary.org/obo/AISM_0000047>	"The appendage of the leg that is attached to the tarsus by the tarso-pretarsal conjunctiva."@en	
<http://purl.obolibrary.org/obo/AISM_0004062>	"The cuticular evagination of the postabdomen that is distal and attached to the parameres by the paramero-aedeagal conjunctiva and is connected to the endophallus."@en	
<http://purl.obolibrary.org/obo/AISM_0004133>	"The sclerite of the insect thorax that is part of the pleuron and anterior to the pleural ridge and attached to the anterior margin of the epimeron."@en	
<http://purl.obolibrary.org/obo/AISM_0004168>	"The segment of a leg attached to the distal margin of the coxa by the coxal-trochanteral conjunctiva and to the proximal margin of the femur by the trochantero-femoral conjunctiva."@en	
<http://purl.obolibrary.org/obo/AISM_0002035>	"The cranio-maxillar muscle that is continuous with the stipes and the maxillary palpus."@en	
<http://purl.obolibrary.org/obo/AISM_0004132>	"The ridge between the epimeron and the episternum in either the mesothorax or the metathorax."@en	
<http://purl.obolibrary.org/obo/AISM_0004024>	"Is the apophysis of the tentorium originating from each posterior tentorial arm."@en	
<http://purl.obolibrary.org/obo/AISM_0000529>	"The anatomical collection that is composed of punctures."@en	
<http://purl.obolibrary.org/obo/AISM_0004208>	"The thoracic muscle that extends between two nota (or terga)."@en	
<http://purl.obolibrary.org/obo/AISM_0000137>	"The branching cuticular invagination that is located between the mid and hindgut."@en	
<http://purl.obolibrary.org/obo/AISM_0004059>	"The conjunctiva of the insect abdomen that surrounds the spiracles."@en	
<http://purl.obolibrary.org/obo/AISM_0002072>	"The dorsal longitudinal muscle continuous with the pronotum and the postocciput."@en	
<http://purl.obolibrary.org/obo/AISM_0004112>	"Is the conjunctiva of the insect abdomen that connects the abdominal sternite III and the abdominal sternite IV."@en	
<http://purl.obolibrary.org/obo/AISM_0004099>	"The sclerite of the insect thorax or the insect abdomen that is on the lateral region of the notum."@en	
<http://purl.obolibrary.org/obo/AISM_0002014>	"The cranio-mandibular muscle that is continuous with the head capsule and the insect mandible."@en	
<http://purl.obolibrary.org/obo/BSPO_0000683>		
<http://purl.obolibrary.org/obo/BSPO_0000671>		
<http://purl.obolibrary.org/obo/AISM_0002019>	"The sclerite of the hypopharynx."@en	
<http://purl.obolibrary.org/obo/AISM_0004085>	"Is the abdominal tergite of the preabdomen that is attached to the posterior margin of the abdominal tergite I by the abdominal tergite I-abdominal tergite II conjunctiva and to the anterior margin of the abdominal tergite III by the abdominal tergite II-abdominal tergite III conjunctiva."@en	
<http://purl.obolibrary.org/obo/AISM_0004047>	"Is the ridge composing the posterior region of the subgenal ridge."@en	
<http://purl.obolibrary.org/obo/AISM_0000004>	"The region of the insect cuticle that is more flexible than the neighboring sclerite(s) (sclerite(s) that the conjunctiva is continuous with)."	
<http://purl.obolibrary.org/obo/AISM_0004110>	"The abdominal sternite of the postabdomen that is attached to the posterior margin of the abdominal sternite VII by the abdominal sternite VII-abdominal sternite VIII conjunctiva. In males it is attached to the anterior margin of the abdominal sternite IX by the abdominal sternite VIII-abdominal sternite IX conjunctiva. In females it is attached to the anterior margin of the gonocoxa."@en	
<http://purl.obolibrary.org/obo/AISM_0004225>	"The phragma of the metanotum that attaches to muscles attached to the mesonotum."@en	
<http://purl.obolibrary.org/obo/AISM_0002047>	"The cranio-labial muscle that is continuous with the postoccipital phragma and  the glossa."@en	
<http://purl.obolibrary.org/obo/AISM_0002070>	"The thoracic muscle that is not fan-shaped and runs along the ventral region, parallel to the anterior-posterior axis."@en	
<http://purl.obolibrary.org/obo/AISM_0000106>	"The conjunctiva that encircles the procoxa and connects it to the ventral and lateral regions of the prothorax."@en	
<http://purl.obolibrary.org/obo/AISM_0000534>		
<http://purl.obolibrary.org/obo/AISM_0004231>	"The conjunctiva of the mesothorax that joins the mesopleura and the mesosternum."@en	
<http://purl.obolibrary.org/obo/AISM_0000530>	"The anatomical collection that is composed of setae."@en	
<http://purl.obolibrary.org/obo/AISM_0000038>	"The paired insect wing that is continuous with the metanotum."@en	
<http://purl.obolibrary.org/obo/AISM_0004203>	"The conjunctiva of the pterothorax that surrounds the wing."@en	
<http://purl.obolibrary.org/obo/AISM_0000526>	"The cuticular protrusion of a sclerite that is rounded (circular)."@en	
<http://purl.obolibrary.org/obo/AISM_0002078>	"The dorsoventral thoracic muscle of the prothorax that is attached to the anterior margin of a cervical sclerite and the dorso-lateral region of the postocciput."@en	
<http://purl.obolibrary.org/obo/BSPO_0000684>		
<http://purl.obolibrary.org/obo/BSPO_0000672>		
<http://purl.obolibrary.org/obo/AISM_0000028>	"The cuticular protrusion that does not correspond to an evagination."@en	
<http://purl.obolibrary.org/obo/AISM_0004071>	"The seta that is flattened."@en	
<http://purl.obolibrary.org/obo/AISM_0000101>	"The conjunctiva that is attached to the pronotum and the mesopectus."@en	
<http://purl.obolibrary.org/obo/AISM_0004036>	"The ridges on the ventral region of the head capsule marking the sides of the gula."@en	
<http://purl.obolibrary.org/obo/AISM_0004127>	"The region of the cuticle of the pterothorax that bears the hind legs and the hind wings."@en	
<http://purl.obolibrary.org/obo/AISM_0000016>	"The articulation between the scapus and the cranium."	
<http://purl.obolibrary.org/obo/AISM_0004148>	"The sclerite of the pterothorax that is attached to some muscle."@en	
<http://purl.obolibrary.org/obo/AISM_0000150>	"The skeletal muscle that inserts in the profemur."@en	
<http://purl.obolibrary.org/obo/AISM_0004094>	"Is the conjunctiva of the insect abdomen that connects the abdominal tergite V and the abdominal tergite VI."@en	
<http://purl.obolibrary.org/obo/AISM_0000146>	"The coxal muscle of the metacoxa."@en	
<http://purl.obolibrary.org/obo/AISM_0004056>	"Is the region of cuticle of the insect abdomen that is anteriorly connected to the preabdomen."@en	
<http://purl.obolibrary.org/obo/AISM_0000118>	"The conjunctiva of the antenna that connects the pedicellus and the first flagellomere."@en	
<http://purl.obolibrary.org/obo/PATO_0001171>		
<http://purl.obolibrary.org/obo/CL_0000066>		
<http://purl.obolibrary.org/obo/AISM_0002069>	"The thoracic muscle that extends between the sternum and the pleura."@en	
<http://purl.obolibrary.org/obo/PATO_0002078>		
<http://purl.obolibrary.org/obo/AISM_0004237>	"The cuticular evagination of the cuticle that is largely membranous."@en	
<http://purl.obolibrary.org/obo/AISM_0004196>	"The appendage of the hind leg that is attached to the metatarsus by the metatarso-metapretarsal conjunctiva."@en	
<http://purl.obolibrary.org/obo/AISM_0004155>	"The region of the cuticle on the antero-ventral region of the episternum that is anterior to the anapleural sulcus."@en	
<http://purl.obolibrary.org/obo/AISM_0000098>	"The conjuctiva that is continuous with the posterior margin of the head capsule and with the anterior margin of the prnotum, and bears cervical sclerites."@en	
<http://purl.obolibrary.org/obo/AISM_0004009>	"Is the conjunctiva of the insect maxilla that connects the stipes and the lacinia."@en	
<http://purl.obolibrary.org/obo/AISM_0004005>	"Is the sclerite of the labium that is attached to the mentum by the submental-mental conjunctiva."@en	
<http://purl.obolibrary.org/obo/AISM_0000020>	"The axillary sclerite that is on the dorsal region of the basal wing conjunctiva and lateral to the first axillary sclerite."@en	
<http://purl.obolibrary.org/obo/AISM_0004032>	"Is the ridge of the head capsule that separates the gena and the subgena."@en	
<http://purl.obolibrary.org/obo/AISM_0000115>	"Is the segment of the antenna that is attached to the scapus by the scapal-pedicellar conjunctiva and to the first flagellomere by the pedicel-first flagellomere conjunctiva."@en	
<http://purl.obolibrary.org/obo/AISM_0004157>	"The anatomical line of weakness of the cuticle that allows molting and coincides with a suture."@en	
<http://purl.obolibrary.org/obo/AISM_0004185>	"The conjunctiva that encircles the metatarsus by joining the distal margin of the metatibia and the proximal margin of the metatarsus."@en	
<http://purl.obolibrary.org/obo/AISM_0000061>	"The sclerite on the ventral region of the prothorax that bears the profurca and us attached to the propleuro-prosternal conjunctiva."@en	
<http://purl.obolibrary.org/obo/AISM_0004120>	"Is the conjunctiva of the postabdomen that joins the abdominal tergite X and the epiproct."@en	
<http://purl.obolibrary.org/obo/AISM_0004141>	"The sclerite that is surrounded by the neck membrane."@en	
<http://purl.obolibrary.org/obo/AISM_0000024>	"The paired appendage of the labium that is attached to the palpiger by the palpigero-palpal conjunctiva."@en	
<http://purl.obolibrary.org/obo/AISM_0004212>	"The thoracic muscle that extends between the notum (or tergum) and the trochanter."@en	
<http://purl.obolibrary.org/obo/AISM_0004119>	"Is the abdominal sternite of the postabdomen that is attached to the posterior margin of the abdominal sternite VIII by the abdominal sternite VIII-abdominal sternite IX conjunctiva and to the anterior margin of the abdominal sternite X by the abdominal sternite IX-abdominal sternite X conjunctiva."@en	
<http://purl.obolibrary.org/obo/AISM_0004159>	"The region of the cuticle on the dorsal region of the epimeron."@en	
<http://purl.obolibrary.org/obo/AISM_0002011>	"The cranio-labral muscle that is continuous with the frons and the tormae."@en	
<http://purl.obolibrary.org/obo/AISM_0004207>	"The tergo-trochantinal muscle that is attached to the metanotum and the metatrochantin."@en	
<http://purl.obolibrary.org/obo/AISM_0004084>	"Is the conjunctiva of the insect abdomen that joins the abdominal sternite VIII and the gonocoxa VIII."@en	
<http://purl.obolibrary.org/obo/PATO_0000964>		
<http://purl.obolibrary.org/obo/AISM_0002002>	"The cranio-antennal muscle that is attached to the dorsal tentorial arm and the proximal margin of the scapus."@en	
<http://purl.obolibrary.org/obo/PATO_0000407>		
<http://purl.obolibrary.org/obo/AISM_0004095>	"Is the abdominal tergite of the preabdomen that is attached to the posterior margin of the abdominal tergite VI by the abdominal tergite VI-abdominal tergite VII conjunctiva and to the anterior margin of the abdominal tergite VIII by the abdominal tergite VII-abdominal tergite VIII conjunctiva."@en	
<http://purl.obolibrary.org/obo/AISM_0002038>	"The maxillary palpomere that is attached to the distal margin of the maxillary palpomere I and to the proximal margin of the maxillary palpomere III."@en	
<http://purl.obolibrary.org/obo/AISM_0000162>	"The cuticular depression (concavity on cuticle surface) that corresponds with a ridge (an elongate cuticular invagination)."	
<http://purl.obolibrary.org/obo/AISM_0000050>	"The paired appendage of the labium, and part of the ligula, that is attached to the prementum by the premental-paraglossal conjunctiva."@en	
<http://purl.obolibrary.org/obo/AISM_0004087>	"Is the abdominal tergite of the preabdomen that is attached to the posterior margin of the abdominal tergite II by the abdominal tergite II-abdominal tergite III conjunctiva and to the anterior margin of the abdominal tergite IV by the abdominal tergite III-abdominal tergite IV conjunctiva."@en	
<http://purl.obolibrary.org/obo/AISM_0000006>	"The region of cuticle that corresponds with an invagination of the single layer epidermis (epidermal fold). The cuticular invagination sometimes corresponds to a cuticular depression (concavity on the surface of the cuticle)."@en	
<http://purl.obolibrary.org/obo/AISM_0000172>	"The conjunctiva is encircled by a tarsomere that encircles another tarsomere."@en	
<http://purl.obolibrary.org/obo/AISM_0000089>	"The resilin rich region that connects two sclerites."@en	
<http://purl.obolibrary.org/obo/AISM_0002073>	"The dorsal longitudinal muscle continuous with the prophragma and the cervical sclerite."@en	
<http://purl.obolibrary.org/obo/AISM_0004179>	"The conjunctiva that encircles the protibia by joining the distal margin of the profemur and the proximal margin of the protibia."@en	
<http://purl.obolibrary.org/obo/AISM_0004107>	"Is the abdominal sternite of the preabdomen that is attached to the posterior margin of the abdominal sternite IV by the abdominal sternite IV-abdominal sternite V conjunctiva and to the anterior margin of the abdominal sternite VI by the abdominal sternite V-abdominal sternite VI conjunctiva."@en	
<http://purl.obolibrary.org/obo/AISM_0004098>	"Is the conjunctiva of the insect abdomen that connects the abdominal tergite VII and the abdominal tergite VIII."@en	
<http://purl.obolibrary.org/obo/AISM_0004076>	"The region of the cuticle of the postabdomen that is paired and connected to the anterior region of the gonocoxa VIII."@en	
<http://purl.obolibrary.org/obo/AISM_0004223>	"The axillary sclerite that is connected via muscle to the mesopleuron and is  posterior to the first axillary sclerite."@en	
<http://purl.obolibrary.org/obo/AISM_0004173>	"The segment of a hind leg attached to the distal margin of the metacoxa by the metacoxal-metatrochanteral conjunctiva and to the proximal margin of the metafemur by the metatrochantero-metafemoral conjunctiva."@en	
<http://purl.obolibrary.org/obo/PATO_0000404>		
<http://purl.obolibrary.org/obo/AISM_0000102>	"The conjunctiva that encircles a ring sclerite."@en	
<http://purl.obolibrary.org/obo/AISM_0002054>	"The cranio-labial muscle that is continuous with the submentum and the mentum."@en	
<http://purl.obolibrary.org/obo/AISM_0002033>	"The cranio-maxillar muscle that is continuous with the stipes and the lacinia."@en	
<http://purl.obolibrary.org/obo/AISM_0000031>	"Is the paired appendage of the insect thorax that is composed of coxa, trochanter, femur, tibia, tarsus, and pretarsus."@en	
<http://purl.obolibrary.org/obo/AISM_0004121>	"Is the conjunctiva of the insect abdomen that connects the abdominal tergite VIII and the abdominal tergite IX."@en	
<http://purl.obolibrary.org/obo/AISM_0004167>	"Is the conjunctiva of the postabdomen that joins the abdominal tergite X and each paraproct."@en	
<http://purl.obolibrary.org/obo/AISM_0004050>	"Is the region of the cuticle comprising the anterior region of the clypeus."@en	
<http://purl.obolibrary.org/obo/AISM_0004152>	"The epipleurite that is adjacent to the anepisternum, is attached to the pleuron via muscle, is surrounded by the noto-pleural conjunctiva, and is anterior to the first axillary sclerite."@en	
<http://purl.obolibrary.org/obo/AISM_0000188>	"The solid cuticular invagination of a sclerite."@en	
<http://purl.obolibrary.org/obo/AISM_0000100>	"The conjunctiva of the insect thorax that joins the pronotum and the mesonotum."@en	
<http://purl.obolibrary.org/obo/PATO_0001748>		
<http://purl.obolibrary.org/obo/PR_Q9V7U0>		
<http://purl.obolibrary.org/obo/AISM_0004130>	"The ventral region of the cuticle of the insect thorax that is attached to the ventral margin of the pleuron."@en	
<http://purl.obolibrary.org/obo/AISM_0000124>	"The conjunctiva of the mid leg joining the distal margin of a mesocoxa and the proximal margin of a mesotrochanter."@en	
<http://purl.obolibrary.org/obo/AISM_0000086>	"The skeletal muscle that inserts in the coxa."@en	
<http://purl.obolibrary.org/obo/AISM_0004177>	"The conjunctiva that encircles the metafemur by joining the distal margin of the metatrochanter and the proximal margin of the metafemur."@en	
<http://purl.obolibrary.org/obo/AISM_0004018>	"The conjunctiva of the insect maxilla that connects the clypeus and the labrum."@en	
<http://purl.obolibrary.org/obo/AISM_0002059>	"The cranio-antennal muscle that is continuous with the frons and  the suspensorium."@en	
<http://purl.obolibrary.org/obo/BSPO_0000377>		
<http://purl.obolibrary.org/obo/AISM_0000154>	"The skeletal muscle that inserts in the mesotibia."@en	
<http://purl.obolibrary.org/obo/AISM_0000032>	"Is the appendage of the head capsule that is connected by the  antenniferal-scapal conjunctiva to the scapus, which is connected by the scapal-pedicellar conjunctiva to the pedicellus; the pedicellus is connected by the pedicellar-first flagellomeral conjunctiva to the first flagellomere; the first flagellomere is connected by interflagellomeral conjunctiva to the next flagellomere. Further flagellomeres are connected to each other by interflagellomeral conjunctiva."@en	
<http://purl.obolibrary.org/obo/AISM_0000007>	"The region of the cuticle with higher content of resilin."@en	
<http://purl.obolibrary.org/obo/AISM_0000003>	"The region of the insect cuticle that is less flexible than the neighboring conjunctiva(e) (conjunctiva(e) that the sclerite is continuous with)."	
<http://purl.obolibrary.org/obo/AISM_0000170>	"The sclerite that is continuous with the basal metacoxal conjunctiva and the basal wing conjunctiva and contains the metafurca."@en	
<http://purl.obolibrary.org/obo/AISM_0004052>	"The sense organ of the insect head that is covered by the eye cuticle."@en	
<http://purl.obolibrary.org/obo/AISM_0004097>	"Is the abdominal tergite of the postabdomen that is attached to the posterior margin of the abdominal tergite VII by the abdominal tergite VII-abdominal tergite VIII conjunctiva and to the anterior margin of the abdominal tergite IX by the abdominal tergite VIII-abdominal tergite IX conjunctiva."@en	
<http://purl.obolibrary.org/obo/AISM_0002056>	"The cranio-labial muscle that is continuous with the prementum and the glossa."@en	
<http://purl.obolibrary.org/obo/AISM_0000008>	"The region of the cuticle that corresponds to a convex surface."@en	
<http://purl.obolibrary.org/obo/AISM_0004081>	"The cuticular protrusion of the pleuron that is connected lateraly to the notum."@en	
<http://purl.obolibrary.org/obo/AISM_0004021>	"Is the ridge along the dorsal and lateral regions of the head capsule that is adjacent to the foramen occipitale."@en	
<http://purl.obolibrary.org/obo/AISM_0000186>	"Hairlike seta that is long."@en	
<http://purl.obolibrary.org/obo/AISM_0000056>	"The trochantin that is located on the ventro-lateral region of the metathorax and is attached to a metacoxa and surrounded by the basal metacoxal conjunctiva."@en	
<http://purl.obolibrary.org/obo/AISM_0000036>	"The paired appendage of the metathorax that is posterior to a mid leg and composed of metacoxa, metatrochanter, metafemur, metatibia, metatarsus, and metapretarsus."@en	
<http://purl.obolibrary.org/obo/AISM_0004154>	"The dorsal region of the episternum that is dorsal to the anapleural sulcus."	
<http://purl.obolibrary.org/obo/AISM_0004197>	"The anatomical space on the postabdomen at the posterior margin of the digestive tract, connected to the epiproct and paraprocti."@en	
<http://purl.obolibrary.org/obo/AISM_0004093>	"Is the abdominal tergite of the preabdomen that is attached to the posterior margin of the abdominal tergite V by the abdominal tergite V-abdominal tergite VI conjunctiva and to the anterior margin of the abdominal tergite VII by the abdominal tergite VI-abdominal tergite VII conjunctiva."@en	
<http://purl.obolibrary.org/obo/AISM_0004040>	"The arthropod foramen that is part of the foramen occipitale and is located above the tentorial bridge."@en	
<http://purl.obolibrary.org/obo/AISM_0004163>	"The sclerite attached to the spinasternum."@en	
<http://purl.obolibrary.org/obo/AISM_0000130>	"The seta that has one opening distally."@en	
<http://purl.obolibrary.org/obo/AISM_0000071>	"The segment of a mid leg attached to the distal margin of the mesotrochanter by the mesotrochantero-mesofemoral conjunctiva and to the proximal margin of the mesotibia by the mesofemoro-mesotibial conjunctiva."@en	
<http://purl.obolibrary.org/obo/PATO_0001031>		
<http://purl.obolibrary.org/obo/AISM_0004016>	"Is the conjunctiva of the labium that connects the prementum and the glossa."@en	
<http://purl.obolibrary.org/obo/AISM_0000065>	"The segment of the hind leg that is attached to the latero-ventral region of the metathorax by the basal metacoxal conjunctiva and to the metatrochanter by the metacoxal-metatrochanteral conjunctiva."@en	
<http://purl.obolibrary.org/obo/AISM_0004166>	"The region of cuticle of the insect thorax that contains the mesothorax and the metathorax and bears the mid legs, the hind legs and the wings."@en	
<http://purl.obolibrary.org/obo/AISM_0002022>	"The cranio-mandibular muscle that is continuous with the dorsal tentorial arm and the proximal margin of the insect mandible."@en	
<http://purl.obolibrary.org/obo/AISM_0004079>	"The region of the cuticle that is part of the oviduct and attached to the spermatheca."@en	
<http://purl.obolibrary.org/obo/AISM_0004111>	"Is the conjunctiva of the insect abdomen that connects the abdominal sternite II and the abdominal sternite III."@en	
<http://purl.obolibrary.org/obo/AISM_0002048>	"The internal apodeme that is continuous with the cuticle of the notum and is attached to a dorsal longitudinal muscle."@en	
<http://purl.obolibrary.org/obo/AISM_0004115>	"Is the conjunctiva of the insect abdomen that connects the abdominal sternite VI and the abdominal sternite VII."@en	
<http://purl.obolibrary.org/obo/AISM_0004195>	"The appendage of the mid leg that is attached to the mesotarsus by the mesotarso-mesopretarsal conjunctiva."@en	
<http://purl.obolibrary.org/obo/AISM_0002083>	"The dorsal longitudinal thoracic muscle that extends between the medial region of the prophragma and the medial region of the mesophragma."@en	
<http://purl.obolibrary.org/obo/AISM_0004058>	"The sclerite of the insect abdomen that is ventral and medial."@en	
<http://purl.obolibrary.org/obo/AISM_0000193>	"The cuticular depression that corresponds to an apophysis."	
<http://purl.obolibrary.org/obo/AISM_0000165>	"The appendage of the insect head that is encircled by the oral foraminal conjunctiva."@en	
<http://purl.obolibrary.org/obo/AISM_0000035>	"The paired appendage of the mesothorax that is posterior to a fore leg, anterior to a hind leg, and composed of mesocoxa, mesotrochanter, mesofemur, mesotibia, mesotarsus, and mesopretarsus."@en	
<http://purl.obolibrary.org/obo/AISM_0004103>	"The conjunctiva of the insect abdomen that connects the abdominal sternite I and the abdominal sternite II."@en	
<http://purl.obolibrary.org/obo/AISM_0004138>	"The part of the sternum that is attached to the posterior margin of the basisternum and to the anterior margin of the spinasternum."@en	
<http://purl.obolibrary.org/obo/AISM_0000126>	"The conjunctiva that corresponds to one epithelial cell and surrounds a sclerotized unicellular cuticular evagination."@en	
<http://purl.obolibrary.org/obo/AISM_0000187>	"Seta that is located in the middle of a depression with narrowed external opening."@en	
<http://purl.obolibrary.org/obo/AISM_0002009>	"The cranio-labral muscle that is continuous with the frons and the labrum."@en	
<http://purl.obolibrary.org/obo/AISM_0004049>	"Is the region of the cuticle comprising the posterior region of the clypeus."@en	
<http://purl.obolibrary.org/obo/AISM_0004190>	"The segment of the leg that is composed of protarsomeres connected to each other by intertarsomeral conjunctiva. The first protarsomere is connected to the distal margin of the protibia by the protibio-protarsal conjunctiva and the last protarsomere is connected to the proximal margin of the propretarsus by the protarso-propretarsal conjunctiva."@en	
<http://purl.obolibrary.org/obo/AISM_0002060>	"The cranio-antennal muscle that is continuous with the anterior tentorial arm and  the suspensorium."@en	
<http://purl.obolibrary.org/obo/AISM_0000043>	"Is a mouthpart and sclerite between the labrum and the insect maxilla that is attached to the head capsule by the oral foraminal conjunctiva and the cranio-mandibular muscle."@en	
<http://purl.obolibrary.org/obo/AISM_0004073>	"The proximal apodemes of the aedeagus."@en	
<http://purl.obolibrary.org/obo/AISM_0002030>	"The cranio-maxillar muscle that is continuous with the tentorium and the stipital ridge."@en	
<http://purl.obolibrary.org/obo/AISM_0004118>	"Is the abdominal tergite of the postabdomen that is attached to the posterior margin of the abdominal tergite IX by the abdominal tergite IX-abdominal tergite X conjunctiva and to the anterior margin of the epiproct and paraproct."@en	
<http://purl.obolibrary.org/obo/AISM_0000132>	"The multiporous plate that is elongated."@en	
<http://purl.obolibrary.org/obo/AISM_0000145>	"The coxal muscle of the procoxa."@en	
<http://purl.obolibrary.org/obo/AISM_0000017>	"The articulation between the head and the neck."@en	
<http://purl.obolibrary.org/obo/AISM_0004145>	"The sclerite of the notum that is attached to the posterior margin of the prescutum and to the anterior margin of the scutellum."@en	
<http://purl.obolibrary.org/obo/AISM_0000114>	"The conjunctiva of the antenna that connects the scapus and the pedicellus."@en	
<http://purl.obolibrary.org/obo/AISM_0000123>	"The conjunctiva of the fore leg joining the distal margin of a procoxa and the proximal margin of a protrochanter."@en	
<http://purl.obolibrary.org/obo/AISM_0004144>	"The sclerite of the notum that is attached to the anterior margin of the scutum."@en	
<http://purl.obolibrary.org/obo/AISM_0004109>	"Is the abdominal sternite of the preabdomen that is attached to the posterior margin of the abdominal sternite VI by the abdominal sternite VI-abdominal sternite VII conjunctiva and to the anterior margin of the abdominal sternite VIII by the abdominal sternite VII-abdominal sternite VIII conjunctiva."@en	
<http://purl.obolibrary.org/obo/AISM_0000013>	"A part or structure that is produced by evagination."@en	
<http://purl.obolibrary.org/obo/AISM_0000018>	"Is the sclerite of the insect maxilla that is attached to the head capsule by the oral foraminal conjunctiva and to the stipes by the stipito-cardinal conjunctiva."@en	
<http://purl.obolibrary.org/obo/AISM_0004193>	"The conjunctiva that encircles the metapretarsus by joining the distal margin of the distalmost metatarsomere and the proximal margin of the metapretarsus."@en	
<http://purl.obolibrary.org/obo/AISM_0004072>	"The seta that is elongated."@en	
<http://purl.obolibrary.org/obo/AISM_0004136>	"The part of the sternum that is attached to the anterior margin of the basisternum."@en	
<http://purl.obolibrary.org/obo/AISM_0000523>	"Dorsal part of postabdomen"	
<http://purl.obolibrary.org/obo/AISM_0004172>	"The segment of a mid leg attached to the distal margin of the mesocoxa by the mesocoxal-mesotrochanteral conjunctiva and to the proximal margin of the mesofemur by the mesotrochantero-mesofemoral conjunctiva."@en	
<http://purl.obolibrary.org/obo/AISM_0004181>	"The conjunctiva that encircles the metatibia by joining the distal margin of the metafemur and the proximal margin of the metatibia."@en	
<http://purl.obolibrary.org/obo/AISM_0002017>	"The cranio-mandibular muscle that extends between the gena and the lateral margin of the insect mandible."@en	
<http://purl.obolibrary.org/obo/PATO_0002021>		
<http://purl.obolibrary.org/obo/AISM_0004020>	"The region of cuticle of the head capsule that is located posterior to the clypeus and delimited by the frontal suture."@en	
<http://purl.obolibrary.org/obo/AISM_0000055>	"The trochantin that is located on the ventro-lateral region of the prothorax and is attached to a procoxa and surrounded by the basal procoxal conjunctiva."@en	
<http://purl.obolibrary.org/obo/AISM_0004028>	"The region of the cuticle of the head capsule that coincides with an ecdysial line."@en	
