?cls	?pred	?val	?synType
<http://purl.obolibrary.org/obo/AISM_0004109>	<http://www.w3.org/2000/01/rdf-schema#label>	"abdominal sternite VII"@en	
<http://purl.obolibrary.org/obo/AISM_0002051>	<http://www.w3.org/2000/01/rdf-schema#label>	"tentorio-premental muscle"@en	
<http://purl.obolibrary.org/obo/AISM_0002059>	<http://www.w3.org/2000/01/rdf-schema#label>	"fronto-oral muscle"@en	
<http://purl.obolibrary.org/obo/AISM_0002045>	<http://www.w3.org/2000/01/rdf-schema#label>	"fourth maxillar palpopalpal muscle"@en	
<http://purl.obolibrary.org/obo/AISM_0000197>	<http://www.w3.org/2000/01/rdf-schema#label>	"arthropod foramen"@en	
<http://purl.obolibrary.org/obo/AISM_0004013>	<http://www.w3.org/2000/01/rdf-schema#label>	"submental-mental conjunctiva"@en	
<http://purl.obolibrary.org/obo/AISM_0000125>	<http://www.w3.org/2000/01/rdf-schema#label>	"metacoxal-metatrochanteral conjunctiva"@en	
<http://purl.obolibrary.org/obo/AISM_0002064>	<http://www.w3.org/2000/01/rdf-schema#label>	"insect leg muscle"@en	
<http://purl.obolibrary.org/obo/AISM_0000111>	<http://www.w3.org/2000/01/rdf-schema#label>	"stipes"@en	
<http://purl.obolibrary.org/obo/AISM_0004100>	<http://www.w3.org/2000/01/rdf-schema#label>	"abdominal sternite I"@en	
<http://purl.obolibrary.org/obo/AISM_0004108>	<http://www.w3.org/2000/01/rdf-schema#label>	"abdominal sternite VI"@en	
<http://purl.obolibrary.org/obo/AISM_0004161>	<http://www.w3.org/2000/01/rdf-schema#label>	"axillary sclerite"@en	
<http://purl.obolibrary.org/obo/AISM_0002050>	<http://www.w3.org/2000/01/rdf-schema#label>	"postoccipitopremental muscle"@en	
<http://purl.obolibrary.org/obo/AISM_0004026>	<http://www.w3.org/2000/01/rdf-schema#label>	"gena"@en	
<http://purl.obolibrary.org/obo/AISM_0002058>	<http://www.w3.org/2000/01/rdf-schema#label>	"cranio-hypopharyngeal muscle"@en	
<http://purl.obolibrary.org/obo/AISM_0000083>	<http://www.w3.org/2000/01/rdf-schema#label>	"cranio-labial muscle"@en	
<http://purl.obolibrary.org/obo/AISM_0000103>	<http://www.w3.org/2000/01/rdf-schema#label>	"basal mesocoxal conjunctiva"@en	
<http://purl.obolibrary.org/obo/AISM_0000141>	<http://www.w3.org/2000/01/rdf-schema#label>	"mesofurca"@en	
<http://purl.obolibrary.org/obo/AISM_0000194>	<http://www.w3.org/2000/01/rdf-schema#label>	"anterior tentorial pit"@en	
<http://purl.obolibrary.org/obo/AISM_0002088>	<http://www.w3.org/2000/01/rdf-schema#label>	"dorsal longitudinal abdominal muscle"@en	
<http://purl.obolibrary.org/obo/AISM_0004177>	<http://www.w3.org/2000/01/rdf-schema#label>	"metatrochantero-metafemoral conjunctiva"@en	
<http://purl.obolibrary.org/obo/AISM_0004124>	<http://www.w3.org/2000/01/rdf-schema#label>	"abdominal sternite IX-phallobase conjunctiva"@en	
<http://purl.obolibrary.org/obo/AISM_0000201>	<http://www.w3.org/2000/01/rdf-schema#label>	"abdominal tergite IX-gonocoxa IX conjunctiva"@en	
<http://purl.obolibrary.org/obo/AISM_0004064>	<http://www.w3.org/2000/01/rdf-schema#label>	"paramere"@en	
<http://purl.obolibrary.org/obo/AISM_0004050>	<http://www.w3.org/2000/01/rdf-schema#label>	"anteclypeus"@en	
<http://purl.obolibrary.org/obo/AISM_0000061>	<http://www.w3.org/2000/01/rdf-schema#label>	"prosternum"@en	
<http://purl.obolibrary.org/obo/AISM_0004116>	<http://www.w3.org/2000/01/rdf-schema#label>	"abdominal sternite VII-abdominal sternite VIII conjunctiva"@en	
<http://purl.obolibrary.org/obo/AISM_0000069>	<http://www.w3.org/2000/01/rdf-schema#label>	"metatibia"@en	
<http://purl.obolibrary.org/obo/AISM_0002002>	<http://www.w3.org/2000/01/rdf-schema#label>	"anterior tentorio-scapal muscle"@en	
<http://purl.obolibrary.org/obo/AISM_0004102>	<http://www.w3.org/2000/01/rdf-schema#label>	"metasterno-abdominal sternite I conjunctiva"@en	
<http://purl.obolibrary.org/obo/AISM_0000525>	<http://www.w3.org/2000/01/rdf-schema#label>	"granule"@en	
<http://purl.obolibrary.org/obo/AISM_0004137>	<http://www.w3.org/2000/01/rdf-schema#label>	"basisternum"@en	
<http://purl.obolibrary.org/obo/AISM_0000132>	<http://www.w3.org/2000/01/rdf-schema#label>	"placoid sensillum"@en	
<http://purl.obolibrary.org/obo/AISM_0004190>	<http://www.w3.org/2000/01/rdf-schema#label>	"protarsus"@en	
<http://purl.obolibrary.org/obo/AISM_0004121>	<http://www.w3.org/2000/01/rdf-schema#label>	"abdominal tergite VIII-abdominal tergite IX conjunctiva"@en	
<http://purl.obolibrary.org/obo/AISM_0004077>	<http://www.w3.org/2000/01/rdf-schema#label>	"ovipositor"@en	
<http://purl.obolibrary.org/obo/AISM_0000074>	<http://www.w3.org/2000/01/rdf-schema#label>	"tarsomere"@en	
<http://purl.obolibrary.org/obo/AISM_0004129>	<http://www.w3.org/2000/01/rdf-schema#label>	"pleuron"@en	
<http://purl.obolibrary.org/obo/AISM_0004063>	<http://www.w3.org/2000/01/rdf-schema#label>	"endophallus"@en	
<http://purl.obolibrary.org/obo/AISM_0004175>	<http://www.w3.org/2000/01/rdf-schema#label>	"protrochantero-profemoral conjunctiva"@en	
<http://purl.obolibrary.org/obo/PATO_0002219>	<http://www.w3.org/2000/01/rdf-schema#label>	"fan-shaped"	
<http://purl.obolibrary.org/obo/AISM_0004093>	<http://www.w3.org/2000/01/rdf-schema#label>	"abdominal tergite VI"@en	
<http://purl.obolibrary.org/obo/AISM_0004115>	<http://www.w3.org/2000/01/rdf-schema#label>	"abdominal sternite VI-abdominal sternite VII conjunctiva"@en	
<http://purl.obolibrary.org/obo/AISM_0000013>	<http://www.w3.org/2000/01/rdf-schema#label>	"evaginated"@en	
<http://purl.obolibrary.org/obo/AISM_0000117>	<http://www.w3.org/2000/01/rdf-schema#label>	"first flagellomere"@en	
<http://purl.obolibrary.org/obo/AISM_0000090>	<http://www.w3.org/2000/01/rdf-schema#label>	"cuticular tendon"@en	
<http://purl.obolibrary.org/obo/AISM_0004145>	<http://www.w3.org/2000/01/rdf-schema#label>	"scutum"@en	
<http://purl.obolibrary.org/obo/AISM_0000098>	<http://www.w3.org/2000/01/rdf-schema#label>	"neck membrane"@en	
<http://purl.obolibrary.org/obo/AISM_0004010>	<http://www.w3.org/2000/01/rdf-schema#label>	"stipito-palpiferal conjunctiva"@en	
<http://purl.obolibrary.org/obo/AISM_0004018>	<http://www.w3.org/2000/01/rdf-schema#label>	"clypeo-labral conjunctiva"@en	
<http://purl.obolibrary.org/obo/AISM_0004188>	<http://www.w3.org/2000/01/rdf-schema#label>	"metatarsus"@en	
<http://purl.obolibrary.org/obo/AISM_0000026>	<http://www.w3.org/2000/01/rdf-schema#label>	"lacinia"@en	
<http://purl.obolibrary.org/obo/AISM_0004092>	<http://www.w3.org/2000/01/rdf-schema#label>	"abdominal tergite IV-abdominal tergite V conjunctiva"@en	
<http://purl.obolibrary.org/obo/AISM_0004158>	<http://www.w3.org/2000/01/rdf-schema#label>	"katepisternum"@en	
<http://purl.obolibrary.org/obo/AISM_0000042>	<http://www.w3.org/2000/01/rdf-schema#label>	"labrum"@en	
<http://purl.obolibrary.org/obo/AISM_0002008>	<http://www.w3.org/2000/01/rdf-schema#label>	"medial scapo-pedicellar muscle"@en	
<http://purl.obolibrary.org/obo/AISM_0004084>	<http://www.w3.org/2000/01/rdf-schema#label>	"abdominal sternite VII-gonocoxa VIII conjunctiva"	
<http://purl.obolibrary.org/obo/AISM_0004023>	<http://www.w3.org/2000/01/rdf-schema#label>	"foramen occipitale"@en	
<http://purl.obolibrary.org/obo/AISM_0000146>	<http://www.w3.org/2000/01/rdf-schema#label>	"metacoxal muscle"@en	
<http://purl.obolibrary.org/obo/AISM_0002085>	<http://www.w3.org/2000/01/rdf-schema#label>	"insect abdominal muscle"@en	
<http://purl.obolibrary.org/obo/AISM_0000138>	<http://www.w3.org/2000/01/rdf-schema#label>	"apophysis"@en	
<http://purl.obolibrary.org/obo/AISM_0004196>	<http://www.w3.org/2000/01/rdf-schema#label>	"metapretarsus"@en	
<http://purl.obolibrary.org/obo/AISM_0004182>	<http://www.w3.org/2000/01/rdf-schema#label>	"tibio-tarsal conjunctiva"@en	
<http://purl.obolibrary.org/obo/AISM_0004047>	<http://www.w3.org/2000/01/rdf-schema#label>	"hypostomal ridge"@en	
<http://purl.obolibrary.org/obo/AISM_0002082>	<http://www.w3.org/2000/01/rdf-schema#label>	"profurca-occipital muscle"@en	
<http://purl.obolibrary.org/obo/AISM_0000055>	<http://www.w3.org/2000/01/rdf-schema#label>	"protrochantin"@en	
<http://purl.obolibrary.org/obo/AISM_0000151>	<http://www.w3.org/2000/01/rdf-schema#label>	"mesofemoral muscle"@en	
<http://purl.obolibrary.org/obo/AISM_0004206>	<http://www.w3.org/2000/01/rdf-schema#label>	"mesonoto-mesotrochantinal muscle"@en	
<http://purl.obolibrary.org/obo/AISM_0002007>	<http://www.w3.org/2000/01/rdf-schema#label>	"lateral scapo-pedicellar muscle"@en	
<http://purl.obolibrary.org/obo/AISM_0000159>	<http://www.w3.org/2000/01/rdf-schema#label>	"salivarium"@en	
<http://purl.obolibrary.org/obo/AISM_0000530>	<http://www.w3.org/2000/01/rdf-schema#label>	"setose"@en	
<http://purl.obolibrary.org/obo/AISM_0000033>	<http://www.w3.org/2000/01/rdf-schema#label>	"insect wing"@en	
<http://purl.obolibrary.org/obo/AISM_0004222>	<http://www.w3.org/2000/01/rdf-schema#label>	"noto-pleural conjunctiva"@en	
<http://purl.obolibrary.org/obo/AISM_0002037>	<http://www.w3.org/2000/01/rdf-schema#label>	"maxillary palpomere I"@en	
<http://purl.obolibrary.org/obo/AISM_0000189>	<http://www.w3.org/2000/01/rdf-schema#label>	"sensillum basiconicum"@en	
<http://purl.obolibrary.org/obo/AISM_0004195>	<http://www.w3.org/2000/01/rdf-schema#label>	"mesopretarsus"@en	
<http://purl.obolibrary.org/obo/AISM_0004044>	<http://www.w3.org/2000/01/rdf-schema#label>	"circumantennal ridge"@en	
<http://purl.obolibrary.org/obo/AISM_0000167>	<http://www.w3.org/2000/01/rdf-schema#label>	"articular surface"@en	
<http://purl.obolibrary.org/obo/AISM_0002023>	<http://www.w3.org/2000/01/rdf-schema#label>	"inferolateral tentorio-mandibular muscle"@en	
<http://purl.obolibrary.org/obo/AISM_0004098>	<http://www.w3.org/2000/01/rdf-schema#label>	"abdominal tergite VII-abdominal tergite VIII conjunctiva"@en	
<http://purl.obolibrary.org/obo/AISM_0000018>	<http://www.w3.org/2000/01/rdf-schema#label>	"cardo"@en	
<http://purl.obolibrary.org/obo/AISM_0004200>	<http://www.w3.org/2000/01/rdf-schema#label>	"paramero-aedeagal conjunctiva"@en	
<http://purl.obolibrary.org/obo/AISM_0002042>	<http://www.w3.org/2000/01/rdf-schema#label>	"first maxillar palpopalpal muscle"@en	
<http://purl.obolibrary.org/obo/AISM_0004142>	<http://www.w3.org/2000/01/rdf-schema#label>	"propleuron"	
<http://purl.obolibrary.org/obo/AISM_0004004>	<http://www.w3.org/2000/01/rdf-schema#label>	"mentum"@en	
<http://purl.obolibrary.org/obo/AISM_0002036>	<http://www.w3.org/2000/01/rdf-schema#label>	"maxillary palpomere"@en	
<http://purl.obolibrary.org/obo/AISM_0000188>	<http://www.w3.org/2000/01/rdf-schema#label>	"apodeme"@en	
<http://purl.obolibrary.org/obo/AISM_0000172>	<http://www.w3.org/2000/01/rdf-schema#label>	"intertarsomeral conjunctiva"@en	
<http://purl.obolibrary.org/obo/AISM_0004213>	<http://www.w3.org/2000/01/rdf-schema#label>	"pleuro-coxal muscle"@en	
<http://purl.obolibrary.org/obo/AISM_0000166>	<http://www.w3.org/2000/01/rdf-schema#label>	"propleuro-procoxal artiulation"@en	
<http://purl.obolibrary.org/obo/AISM_0002066>	<http://www.w3.org/2000/01/rdf-schema#label>	"dorsal longitudinal thoracic muscle"@en	
<http://purl.obolibrary.org/obo/AISM_0004042>	<http://www.w3.org/2000/01/rdf-schema#label>	"postgena"@en	
<http://purl.obolibrary.org/obo/AISM_0004155>	<http://www.w3.org/2000/01/rdf-schema#label>	"preepisternum"@en	
<http://purl.obolibrary.org/obo/AISM_0000047>	<http://www.w3.org/2000/01/rdf-schema#label>	"pretarsus"@en	
<http://purl.obolibrary.org/obo/AISM_0000196>	<http://www.w3.org/2000/01/rdf-schema#label>	"tentorial pit"@en	
<http://purl.obolibrary.org/obo/AISM_0004179>	<http://www.w3.org/2000/01/rdf-schema#label>	"profemoro-protibial conjunctiva"@en	
<http://purl.obolibrary.org/obo/AISM_0002079>	<http://www.w3.org/2000/01/rdf-schema#label>	"anterior pronoto-cervical muscle"@en	
<http://purl.obolibrary.org/obo/AISM_0004055>	<http://www.w3.org/2000/01/rdf-schema#label>	"preabdomen"@en	
<http://purl.obolibrary.org/obo/AISM_0004041>	<http://www.w3.org/2000/01/rdf-schema#label>	"neuroforamen"@en	
<http://purl.obolibrary.org/obo/AISM_0000110>	<http://www.w3.org/2000/01/rdf-schema#label>	"cardo-stipital conjunctiva"@en	
<http://purl.obolibrary.org/obo/AISM_0000052>	<http://www.w3.org/2000/01/rdf-schema#label>	"mesonotum"@en	
<http://purl.obolibrary.org/obo/AISM_0004107>	<http://www.w3.org/2000/01/rdf-schema#label>	"abdominal sternite V"@en	
<http://purl.obolibrary.org/obo/AISM_0000109>	<http://www.w3.org/2000/01/rdf-schema#label>	"insect abdomen"@en	
<http://purl.obolibrary.org/obo/AISM_0000082>	<http://www.w3.org/2000/01/rdf-schema#label>	"cranio-mandibular muscle"@en	
<http://purl.obolibrary.org/obo/AISM_0002057>	<http://www.w3.org/2000/01/rdf-schema#label>	"premento-palpal muscle"@en	
<http://purl.obolibrary.org/obo/AISM_0004071>	<http://www.w3.org/2000/01/rdf-schema#label>	"sensillum placodeum"@en	
<http://purl.obolibrary.org/obo/AISM_0004123>	<http://www.w3.org/2000/01/rdf-schema#label>	"abdominal sternite VIII-abdominal sternite IX conjunctiva"@en	
<http://purl.obolibrary.org/obo/AISM_0004227>	<http://www.w3.org/2000/01/rdf-schema#label>	"metafurco-abdominal sternite muscle"@en	
<http://purl.obolibrary.org/obo/AISM_0004079>	<http://www.w3.org/2000/01/rdf-schema#label>	"spermathecal gland"@en	
<http://purl.obolibrary.org/obo/AISM_0000076>	<http://www.w3.org/2000/01/rdf-schema#label>	"femur"@en	
<http://purl.obolibrary.org/obo/AISM_0000200>	<http://www.w3.org/2000/01/rdf-schema#label>	"gonocoxa IX"@en	
<http://purl.obolibrary.org/obo/AISM_0004219>	<http://www.w3.org/2000/01/rdf-schema#label>	"mesonoto-mesopleural conjuntiva"@en	
<http://purl.obolibrary.org/obo/AISM_0000060>	<http://www.w3.org/2000/01/rdf-schema#label>	"labial palpomere"@en	
<http://purl.obolibrary.org/obo/AISM_0000004>	<http://www.w3.org/2000/01/rdf-schema#label>	"conjunctiva"@en	
<http://purl.obolibrary.org/obo/AISM_0000095>	<http://www.w3.org/2000/01/rdf-schema#label>	"metasterno-metacoxal conjunctiva"@en	
<http://purl.obolibrary.org/obo/AISM_0000108>	<http://www.w3.org/2000/01/rdf-schema#label>	"insect thorax"@en	
<http://purl.obolibrary.org/obo/AISM_0000081>	<http://www.w3.org/2000/01/rdf-schema#label>	"cranio-antennal muscle"@en	
<http://purl.obolibrary.org/obo/AISM_0004136>	<http://www.w3.org/2000/01/rdf-schema#label>	"presternum"@en	
<http://purl.obolibrary.org/obo/AISM_0000089>	<http://www.w3.org/2000/01/rdf-schema#label>	"ligament"@en	
<http://purl.obolibrary.org/obo/AISM_0004001>	<http://www.w3.org/2000/01/rdf-schema#label>	"palpifer"@en	
<http://purl.obolibrary.org/obo/AISM_0004232>	<http://www.w3.org/2000/01/rdf-schema#label>	"metasternum"@en	
<http://purl.obolibrary.org/obo/AISM_0004070>	<http://www.w3.org/2000/01/rdf-schema#label>	"gonapophysis"@en	
<http://purl.obolibrary.org/obo/AISM_0004009>	<http://www.w3.org/2000/01/rdf-schema#label>	"stipito-lacinial conjunctiva"@en	
<http://purl.obolibrary.org/obo/AISM_0000073>	<http://www.w3.org/2000/01/rdf-schema#label>	"mere"@en	
<http://purl.obolibrary.org/obo/AISM_0000124>	<http://www.w3.org/2000/01/rdf-schema#label>	"mesocoxal-mesotrochanteral conjunctiva"@en	
<http://purl.obolibrary.org/obo/AISM_0000020>	<http://www.w3.org/2000/01/rdf-schema#label>	"dorsal second axillary sclerite"@en	
<http://purl.obolibrary.org/obo/AISM_0004062>	<http://www.w3.org/2000/01/rdf-schema#label>	"aedeagus"@en	
<http://purl.obolibrary.org/obo/AISM_0004210>	<http://www.w3.org/2000/01/rdf-schema#label>	"mesonoto-metanotal muscle"@en	
<http://purl.obolibrary.org/obo/AISM_0004174>	<http://www.w3.org/2000/01/rdf-schema#label>	"trochantero-femoral conjunctiva"@en	
<http://purl.obolibrary.org/obo/AISM_0004039>	<http://www.w3.org/2000/01/rdf-schema#label>	"dorsal tentorial arm"@en	
<http://purl.obolibrary.org/obo/AISM_0004114>	<http://www.w3.org/2000/01/rdf-schema#label>	"abdominal sternite V-abdominal sternite VI conjunctiva"@en	
<http://purl.obolibrary.org/obo/AISM_0002063>	<http://www.w3.org/2000/01/rdf-schema#label>	"tentorio-tentorial muscle"@en	
<http://purl.obolibrary.org/obo/AISM_0000116>	<http://www.w3.org/2000/01/rdf-schema#label>	"flagellomere"@en	
<http://purl.obolibrary.org/obo/AISM_0004160>	<http://www.w3.org/2000/01/rdf-schema#label>	"katepimeron"@en	
<http://purl.obolibrary.org/obo/AISM_0004025>	<http://www.w3.org/2000/01/rdf-schema#label>	"vertex"@en	
<http://purl.obolibrary.org/obo/AISM_0000102>	<http://www.w3.org/2000/01/rdf-schema#label>	"ring conjunctiva"@en	
<http://purl.obolibrary.org/obo/AISM_0000097>	<http://www.w3.org/2000/01/rdf-schema#label>	"metapleuro-metacoxal conjunctiva"@en	
<http://purl.obolibrary.org/obo/AISM_0000193>	<http://www.w3.org/2000/01/rdf-schema#label>	"pit"@en	
<http://purl.obolibrary.org/obo/AISM_0000137>	<http://www.w3.org/2000/01/rdf-schema#label>	"malphigian tube"@en	
<http://purl.obolibrary.org/obo/AISM_0004017>	<http://www.w3.org/2000/01/rdf-schema#label>	"palpigero-palpal conjunctiva"@en	
<http://purl.obolibrary.org/obo/AISM_0002076>	<http://www.w3.org/2000/01/rdf-schema#label>	"prophragma"@en	
<http://purl.obolibrary.org/obo/AISM_0004187>	<http://www.w3.org/2000/01/rdf-schema#label>	"tarso-pretarsal conjunctiva"@en	
<http://purl.obolibrary.org/obo/AISM_0004173>	<http://www.w3.org/2000/01/rdf-schema#label>	"metatrochanter"@en	
<http://purl.obolibrary.org/obo/AISM_0004038>	<http://www.w3.org/2000/01/rdf-schema#label>	"anterior tentorial arm"@en	
<http://purl.obolibrary.org/obo/AISM_0004091>	<http://www.w3.org/2000/01/rdf-schema#label>	"abdominal tergite V"@en	
<http://purl.obolibrary.org/obo/AISM_0000115>	<http://www.w3.org/2000/01/rdf-schema#label>	"pedicellus"@en	
<http://purl.obolibrary.org/obo/AISM_0000153>	<http://www.w3.org/2000/01/rdf-schema#label>	"protibial muscle"@en	
<http://purl.obolibrary.org/obo/AISM_0004022>	<http://www.w3.org/2000/01/rdf-schema#label>	"circumocular ridge"@en	
<http://purl.obolibrary.org/obo/AISM_0000524>	<http://www.w3.org/2000/01/rdf-schema#label>	"puncture"@en	
<http://purl.obolibrary.org/obo/AISM_0000145>	<http://www.w3.org/2000/01/rdf-schema#label>	"procoxal muscle"@en	
<http://purl.obolibrary.org/obo/AISM_0002084>	<http://www.w3.org/2000/01/rdf-schema#label>	"profurca-mesonotal muscle"@en	
<http://purl.obolibrary.org/obo/AISM_0000131>	<http://www.w3.org/2000/01/rdf-schema#label>	"multiporous sensillum"@en	
<http://purl.obolibrary.org/obo/AISM_0004120>	<http://www.w3.org/2000/01/rdf-schema#label>	"abdominal tergite X-epiproct conjunctiva"	
<http://purl.obolibrary.org/obo/AISM_0004076>	<http://www.w3.org/2000/01/rdf-schema#label>	"gonostylus VIII"@en	
<http://purl.obolibrary.org/obo/AISM_0004128>	<http://www.w3.org/2000/01/rdf-schema#label>	"notum"@en	
<http://purl.obolibrary.org/obo/AISM_0004181>	<http://www.w3.org/2000/01/rdf-schema#label>	"metafemoro-metatibial conjunctiva"@en	
<http://purl.obolibrary.org/obo/AISM_0004046>	<http://www.w3.org/2000/01/rdf-schema#label>	"hypostoma"@en	
<http://purl.obolibrary.org/obo/AISM_0002028>	<http://www.w3.org/2000/01/rdf-schema#label>	"cranio-lacinial muscle"@en	
<http://purl.obolibrary.org/obo/AISM_0002014>	<http://www.w3.org/2000/01/rdf-schema#label>	"internal cranio-mandibular muscle"@en	
<http://purl.obolibrary.org/obo/AISM_0000150>	<http://www.w3.org/2000/01/rdf-schema#label>	"profemoral muscle"@en	
<http://purl.obolibrary.org/obo/AISM_0004089>	<http://www.w3.org/2000/01/rdf-schema#label>	"abdominal tergite III-abdominal tergite IV conjunctiva"@en	
<http://purl.obolibrary.org/obo/AISM_0002006>	<http://www.w3.org/2000/01/rdf-schema#label>	"fronto-pedicellar muscle"@en	
<http://purl.obolibrary.org/obo/AISM_0000158>	<http://www.w3.org/2000/01/rdf-schema#label>	"ridge"@en	
<http://purl.obolibrary.org/obo/AISM_0002044>	<http://www.w3.org/2000/01/rdf-schema#label>	"third maxillar palpopalpal muscle"@en	
<http://purl.obolibrary.org/obo/BSPO_0000378>	<http://www.w3.org/2000/01/rdf-schema#label>	"external side"@en	
<http://purl.obolibrary.org/obo/AISM_0004133>	<http://www.w3.org/2000/01/rdf-schema#label>	"episternum"@en	
<http://purl.obolibrary.org/obo/AISM_0000144>	<http://www.w3.org/2000/01/rdf-schema#label>	"furca"@en	
<http://purl.obolibrary.org/obo/AISM_0000039>	<http://www.w3.org/2000/01/rdf-schema#label>	"seta"@en	
<http://purl.obolibrary.org/obo/AISM_0000174>	<http://www.w3.org/2000/01/rdf-schema#label>	"region of cuticle"@en	
<http://purl.obolibrary.org/obo/AISM_0004194>	<http://www.w3.org/2000/01/rdf-schema#label>	"propretarsus"@en	
<http://purl.obolibrary.org/obo/AISM_0004059>	<http://www.w3.org/2000/01/rdf-schema#label>	"pleural membrane"@en	
<http://purl.obolibrary.org/obo/AISM_0002022>	<http://www.w3.org/2000/01/rdf-schema#label>	"superolateral tentorio-mandibular muscle"@en	
<http://purl.obolibrary.org/obo/AISM_0004097>	<http://www.w3.org/2000/01/rdf-schema#label>	"abdominal tergite VIII"@en	
<http://purl.obolibrary.org/obo/AISM_0004157>	<http://www.w3.org/2000/01/rdf-schema#label>	"ecdysial line"@en	
<http://purl.obolibrary.org/obo/AISM_0000017>	<http://www.w3.org/2000/01/rdf-schema#label>	"head-cervical articulation"@en	
<http://purl.obolibrary.org/obo/AISM_0004141>	<http://www.w3.org/2000/01/rdf-schema#label>	"cervical sclerite"@en	
<http://purl.obolibrary.org/obo/AISM_0000038>	<http://www.w3.org/2000/01/rdf-schema#label>	"hind wing"@en	
<http://purl.obolibrary.org/obo/AISM_0002035>	<http://www.w3.org/2000/01/rdf-schema#label>	"stipito-palpal muscle"@en	
<http://purl.obolibrary.org/obo/AISM_0000187>	<http://www.w3.org/2000/01/rdf-schema#label>	"sensillum coeloconicum"@en	
<http://purl.obolibrary.org/obo/AISM_0002081>	<http://www.w3.org/2000/01/rdf-schema#label>	"profurca-prophragmal muscle"@en	
<http://purl.obolibrary.org/obo/AISM_0000068>	<http://www.w3.org/2000/01/rdf-schema#label>	"mesotibia"@en	
<http://purl.obolibrary.org/obo/AISM_0004096>	<http://www.w3.org/2000/01/rdf-schema#label>	"abdominal tergite VI-abdominal tergite VII conjunctiva"@en	
<http://purl.obolibrary.org/obo/AISM_0004154>	<http://www.w3.org/2000/01/rdf-schema#label>	"anepisternum"@en	
<http://purl.obolibrary.org/obo/AISM_0004101>	<http://www.w3.org/2000/01/rdf-schema#label>	"metapleuro-metasternal conjunctiva"@en	
<http://purl.obolibrary.org/obo/AISM_0000054>	<http://www.w3.org/2000/01/rdf-schema#label>	"mesotrochantin"@en	
<http://purl.obolibrary.org/obo/AISM_0004205>	<http://www.w3.org/2000/01/rdf-schema#label>	"pronoto-protrochantinal muscle"@en	
<http://purl.obolibrary.org/obo/AISM_0000046>	<http://www.w3.org/2000/01/rdf-schema#label>	"prothoracic-mesothoracic conjunctiva"@en	
<http://purl.obolibrary.org/obo/AISM_0004178>	<http://www.w3.org/2000/01/rdf-schema#label>	"femoro-tibial conjunctiva"@en	
<http://purl.obolibrary.org/obo/AISM_0004218>	<http://www.w3.org/2000/01/rdf-schema#label>	"mesofurco-metafurcal muscle"@en	
<http://purl.obolibrary.org/obo/AISM_0000067>	<http://www.w3.org/2000/01/rdf-schema#label>	"protibia"@en	
<http://purl.obolibrary.org/obo/AISM_0004040>	<http://www.w3.org/2000/01/rdf-schema#label>	"alaforamen"@en	
<http://purl.obolibrary.org/obo/AISM_0000051>	<http://www.w3.org/2000/01/rdf-schema#label>	"maxillary palpus"@en	
<http://purl.obolibrary.org/obo/AISM_0000059>	<http://www.w3.org/2000/01/rdf-schema#label>	"pronotum"@en	
<http://purl.obolibrary.org/obo/AISM_0002041>	<http://www.w3.org/2000/01/rdf-schema#label>	"maxillary palpomere V"@en	
<http://purl.obolibrary.org/obo/AISM_0000045>	<http://www.w3.org/2000/01/rdf-schema#label>	"mesothoracic-metathoracic conjunctiva"@en	
<http://purl.obolibrary.org/obo/AISM_0002049>	<http://www.w3.org/2000/01/rdf-schema#label>	"postoccipital phragma"@en	
<http://purl.obolibrary.org/obo/AISM_0004152>	<http://www.w3.org/2000/01/rdf-schema#label>	"basalare"@en	
<http://purl.obolibrary.org/obo/AISM_0004003>	<http://www.w3.org/2000/01/rdf-schema#label>	"postmentum"@en	
<http://purl.obolibrary.org/obo/AISM_0004234>	<http://www.w3.org/2000/01/rdf-schema#label>	"circular pouch"@en	
<http://purl.obolibrary.org/obo/AISM_0000075>	<http://www.w3.org/2000/01/rdf-schema#label>	"tibia"@en	
<http://purl.obolibrary.org/obo/AISM_0004226>	<http://www.w3.org/2000/01/rdf-schema#label>	"mesophragmo-abdominal tergite I muscle"@en	
<http://purl.obolibrary.org/obo/AISM_0004056>	<http://www.w3.org/2000/01/rdf-schema#label>	"postabdomen"@en	
<http://purl.obolibrary.org/obo/AISM_0004212>	<http://www.w3.org/2000/01/rdf-schema#label>	"tergo-trochanteral muscle"@en	
<http://purl.obolibrary.org/obo/AISM_0002054>	<http://www.w3.org/2000/01/rdf-schema#label>	"submentomental muscle"@en	
<http://purl.obolibrary.org/obo/AISM_0000107>	<http://www.w3.org/2000/01/rdf-schema#label>	"insect head"@en	
<http://purl.obolibrary.org/obo/AISM_0000080>	<http://www.w3.org/2000/01/rdf-schema#label>	"insect cranial muscle"@en	
<http://purl.obolibrary.org/obo/AISM_0000088>	<http://www.w3.org/2000/01/rdf-schema#label>	"eye cuticle"@en	
<http://purl.obolibrary.org/obo/AISM_0004151>	<http://www.w3.org/2000/01/rdf-schema#label>	"epipleurite"@en	
<http://purl.obolibrary.org/obo/AISM_0004016>	<http://www.w3.org/2000/01/rdf-schema#label>	"premental-glossal conjunctiva"@en	
<http://purl.obolibrary.org/obo/AISM_0004231>	<http://www.w3.org/2000/01/rdf-schema#label>	"mesopleuro-mesosternal conjunctiva"@en	
<http://purl.obolibrary.org/obo/AISM_0002032>	<http://www.w3.org/2000/01/rdf-schema#label>	"posterior tentorio-stipital muscle"@en	
<http://purl.obolibrary.org/obo/AISM_0004008>	<http://www.w3.org/2000/01/rdf-schema#label>	"interflagellomeral conjunctiva"@en	
<http://purl.obolibrary.org/obo/AISM_0004225>	<http://www.w3.org/2000/01/rdf-schema#label>	"mesophragma"@en	
<http://purl.obolibrary.org/obo/AISM_0002078>	<http://www.w3.org/2000/01/rdf-schema#label>	"anterior cervico-occipital muscle"@en	
<http://purl.obolibrary.org/obo/AISM_0004189>	<http://www.w3.org/2000/01/rdf-schema#label>	"mesotarsus"@en	
<http://purl.obolibrary.org/obo/AISM_0000123>	<http://www.w3.org/2000/01/rdf-schema#label>	"procoxal-protrochanteral conjunctiva"@en	
<http://purl.obolibrary.org/obo/AISM_0004054>	<http://www.w3.org/2000/01/rdf-schema#label>	"laminatentoria"@en	
<http://purl.obolibrary.org/obo/AISM_0002062>	<http://www.w3.org/2000/01/rdf-schema#label>	"tentorio-frontal muscle"@en	
<http://purl.obolibrary.org/obo/AISM_0004106>	<http://www.w3.org/2000/01/rdf-schema#label>	"abdominal sternite IV"@en	
<http://purl.obolibrary.org/obo/AISM_0004024>	<http://www.w3.org/2000/01/rdf-schema#label>	"tentorial bridge"@en	
<http://purl.obolibrary.org/obo/AISM_0000529>	<http://www.w3.org/2000/01/rdf-schema#label>	"punctate"@en	
<http://purl.obolibrary.org/obo/AISM_0000136>	<http://www.w3.org/2000/01/rdf-schema#label>	"branching cuticular invagination"@en	
<http://purl.obolibrary.org/obo/AISM_0004180>	<http://www.w3.org/2000/01/rdf-schema#label>	"mesofemoro-mesotibial conjunctiva"@en	
<http://purl.obolibrary.org/obo/AISM_0002075>	<http://www.w3.org/2000/01/rdf-schema#label>	"pronoto-phragmal muscle"@en	
<http://purl.obolibrary.org/obo/AISM_0004067>	<http://www.w3.org/2000/01/rdf-schema#label>	"bursa copulatrix"@en	
<http://purl.obolibrary.org/obo/AISM_0004172>	<http://www.w3.org/2000/01/rdf-schema#label>	"mesotrochanter"@en	
<http://purl.obolibrary.org/obo/AISM_0004037>	<http://www.w3.org/2000/01/rdf-schema#label>	"posterior tentorial arm"@en	
<http://purl.obolibrary.org/obo/AISM_0004111>	<http://www.w3.org/2000/01/rdf-schema#label>	"abdominal sternite II-abdominal sternite III conjunctiva"@en	
<http://purl.obolibrary.org/obo/AISM_0004119>	<http://www.w3.org/2000/01/rdf-schema#label>	"abdominal sternite IX"@en	
<http://purl.obolibrary.org/obo/AISM_0002061>	<http://www.w3.org/2000/01/rdf-schema#label>	"insect cranio-tentorial muscle"@en	
<http://purl.obolibrary.org/obo/AISM_0000003>	<http://www.w3.org/2000/01/rdf-schema#label>	"sclerite"@en	
<http://purl.obolibrary.org/obo/AISM_0002069>	<http://www.w3.org/2000/01/rdf-schema#label>	"sterno-pleural muscle"@en	
<http://purl.obolibrary.org/obo/AISM_0004083>	<http://www.w3.org/2000/01/rdf-schema#label>	"oviduct"@en	
<http://purl.obolibrary.org/obo/AISM_0000114>	<http://www.w3.org/2000/01/rdf-schema#label>	"scapal-pedicellar conjunctiva"@en	
<http://purl.obolibrary.org/obo/AISM_0000152>	<http://www.w3.org/2000/01/rdf-schema#label>	"metafemoral muscle"@en	
<http://purl.obolibrary.org/obo/BSPO_0000377>	<http://www.w3.org/2000/01/rdf-schema#label>	"internal side"@en	
<http://purl.obolibrary.org/obo/AISM_0000094>	<http://www.w3.org/2000/01/rdf-schema#label>	"mesopleuro-metapleural conjunctiva"@en	
<http://purl.obolibrary.org/obo/AISM_0004149>	<http://www.w3.org/2000/01/rdf-schema#label>	"prealar bridge"@en	
<http://purl.obolibrary.org/obo/AISM_0000523>	<http://www.w3.org/2000/01/rdf-schema#label>	"dorsal postabdomen"@en	
<http://purl.obolibrary.org/obo/AISM_0004135>	<http://www.w3.org/2000/01/rdf-schema#label>	"trochantin"@en	
<http://purl.obolibrary.org/obo/AISM_0000130>	<http://www.w3.org/2000/01/rdf-schema#label>	"uniporous sensillum"@en	
<http://purl.obolibrary.org/obo/AISM_0004127>	<http://www.w3.org/2000/01/rdf-schema#label>	"metathorax"@en	
<http://purl.obolibrary.org/obo/AISM_0004075>	<http://www.w3.org/2000/01/rdf-schema#label>	"gonopore"@en	
<http://purl.obolibrary.org/obo/AISM_0000072>	<http://www.w3.org/2000/01/rdf-schema#label>	"metafemur"@en	
<http://purl.obolibrary.org/obo/AISM_0000165>	<http://www.w3.org/2000/01/rdf-schema#label>	"mouthpart"@en	
<http://purl.obolibrary.org/obo/AISM_0004061>	<http://www.w3.org/2000/01/rdf-schema#label>	"paraproct"@en	
<http://purl.obolibrary.org/obo/AISM_0000016>	<http://www.w3.org/2000/01/rdf-schema#label>	"cranio-antennal articulation"@en	
<http://purl.obolibrary.org/obo/AISM_0002013>	<http://www.w3.org/2000/01/rdf-schema#label>	"transversal labral muscle"@en	
<http://purl.obolibrary.org/obo/AISM_0000008>	<http://www.w3.org/2000/01/rdf-schema#label>	"cuticular protrusion"@en	
<http://purl.obolibrary.org/obo/AISM_0004088>	<http://www.w3.org/2000/01/rdf-schema#label>	"abdominal tergite II-abdominal tergite III conjunctiva"@en	
<http://purl.obolibrary.org/obo/AISM_0004148>	<http://www.w3.org/2000/01/rdf-schema#label>	"prealar sclerite"@en	
<http://purl.obolibrary.org/obo/AISM_0004132>	<http://www.w3.org/2000/01/rdf-schema#label>	"pleural ridge"@en	
<http://purl.obolibrary.org/obo/AISM_0000085>	<http://www.w3.org/2000/01/rdf-schema#label>	"mesocoxal muscle"@en	
<http://purl.obolibrary.org/obo/AISM_0000032>	<http://www.w3.org/2000/01/rdf-schema#label>	"antenna"@en	
<http://purl.obolibrary.org/obo/AISM_0000143>	<http://www.w3.org/2000/01/rdf-schema#label>	"profurca"@en	
<http://purl.obolibrary.org/obo/AISM_0004074>	<http://www.w3.org/2000/01/rdf-schema#label>	"ductus ejaculatorius"@en	
<http://purl.obolibrary.org/obo/AISM_0004126>	<http://www.w3.org/2000/01/rdf-schema#label>	"mesothorax"@en	
<http://purl.obolibrary.org/obo/AISM_0004186>	<http://www.w3.org/2000/01/rdf-schema#label>	"mesopleuron"	
<http://purl.obolibrary.org/obo/AISM_0000128>	<http://www.w3.org/2000/01/rdf-schema#label>	"multicellular cuticular evagination"@en	
<http://purl.obolibrary.org/obo/AISM_0000024>	<http://www.w3.org/2000/01/rdf-schema#label>	"labial palpus"@en	
<http://purl.obolibrary.org/obo/AISM_0004090>	<http://www.w3.org/2000/01/rdf-schema#label>	"abdominal tergite IV"@en	
<http://purl.obolibrary.org/obo/AISM_0004156>	<http://www.w3.org/2000/01/rdf-schema#label>	"anapleural sulcus"@en	
<http://purl.obolibrary.org/obo/AISM_0004021>	<http://www.w3.org/2000/01/rdf-schema#label>	"postoccipital ridge"@en	
<http://purl.obolibrary.org/obo/AISM_0004029>	<http://www.w3.org/2000/01/rdf-schema#label>	"frontal suture"@en	
<http://purl.obolibrary.org/obo/AISM_0000037>	<http://www.w3.org/2000/01/rdf-schema#label>	"fore wing"@en	
<http://purl.obolibrary.org/obo/AISM_0004169>	<http://www.w3.org/2000/01/rdf-schema#label>	"tarsus"@en	
<http://purl.obolibrary.org/obo/AISM_0002080>	<http://www.w3.org/2000/01/rdf-schema#label>	"prophragma-tentorial muscle"@en	
<http://purl.obolibrary.org/obo/AISM_0000023>	<http://www.w3.org/2000/01/rdf-schema#label>	"galea"@en	
<http://purl.obolibrary.org/obo/AISM_0004034>	<http://www.w3.org/2000/01/rdf-schema#label>	"frontoclypeal ridge"@en	
<http://purl.obolibrary.org/obo/AISM_0002027>	<http://www.w3.org/2000/01/rdf-schema#label>	"cranio-cardinal muscle"@en	
<http://purl.obolibrary.org/obo/AISM_0002019>	<http://www.w3.org/2000/01/rdf-schema#label>	"suspensorium"@en	
<http://purl.obolibrary.org/obo/AISM_0000053>	<http://www.w3.org/2000/01/rdf-schema#label>	"mesopectus"@en	
<http://purl.obolibrary.org/obo/AISM_0004204>	<http://www.w3.org/2000/01/rdf-schema#label>	"tergo-trochantinal muscle"@en	
<http://purl.obolibrary.org/obo/AISM_0002005>	<http://www.w3.org/2000/01/rdf-schema#label>	"medial tentorio-scapal muscle"@en	
<http://purl.obolibrary.org/obo/AISM_0000157>	<http://www.w3.org/2000/01/rdf-schema#label>	"groove"@en	
<http://purl.obolibrary.org/obo/AISM_0004193>	<http://www.w3.org/2000/01/rdf-schema#label>	"metatarso-metapretarsal conjunctiva"@en	
<http://purl.obolibrary.org/obo/AISM_0004058>	<http://www.w3.org/2000/01/rdf-schema#label>	"abdominal sternite"@en	
<http://purl.obolibrary.org/obo/AISM_0004217>	<http://www.w3.org/2000/01/rdf-schema#label>	"profurco-mesofurcal muscle"@en	
<http://purl.obolibrary.org/obo/AISM_0000162>	<http://www.w3.org/2000/01/rdf-schema#label>	"sulcus"@en	
<http://purl.obolibrary.org/obo/AISM_0000066>	<http://www.w3.org/2000/01/rdf-schema#label>	"procoxa"@en	
<http://purl.obolibrary.org/obo/AISM_0002010>	<http://www.w3.org/2000/01/rdf-schema#label>	"epistoepipharyngeal muscle"@en	
<http://purl.obolibrary.org/obo/AISM_0002018>	<http://www.w3.org/2000/01/rdf-schema#label>	"anteroexternal cranio-mandibular muscle"@en	
<http://purl.obolibrary.org/obo/AISM_0004203>	<http://www.w3.org/2000/01/rdf-schema#label>	"basal wing conjunctiva"	
<http://purl.obolibrary.org/obo/AISM_0002056>	<http://www.w3.org/2000/01/rdf-schema#label>	"premento-glossal muscle"@en	
<http://purl.obolibrary.org/obo/AISM_0000101>	<http://www.w3.org/2000/01/rdf-schema#label>	"pronoto-mesopectal conjunctiva"@en	
<http://purl.obolibrary.org/obo/AISM_0002040>	<http://www.w3.org/2000/01/rdf-schema#label>	"maxillary palpomere IV"@en	
<http://purl.obolibrary.org/obo/AISM_0000192>	<http://www.w3.org/2000/01/rdf-schema#label>	"tentorio-antennal muscle"@en	
<http://purl.obolibrary.org/obo/AISM_0002048>	<http://www.w3.org/2000/01/rdf-schema#label>	"phragma"@en	
<http://purl.obolibrary.org/obo/AISM_0004002>	<http://www.w3.org/2000/01/rdf-schema#label>	"mental-premental conjunctiva"@en	
<http://purl.obolibrary.org/obo/AISM_0004233>	<http://www.w3.org/2000/01/rdf-schema#label>	"mesosterno-mesocoxal conjunctiva"@en	
<http://purl.obolibrary.org/obo/AISM_0002034>	<http://www.w3.org/2000/01/rdf-schema#label>	"stipito-galeal muscle"@en	
<http://purl.obolibrary.org/obo/AISM_0000186>	<http://www.w3.org/2000/01/rdf-schema#label>	"sensillum trichodeum"@en	
<http://purl.obolibrary.org/obo/AISM_0000170>	<http://www.w3.org/2000/01/rdf-schema#label>	"metapectus"@en	
<http://purl.obolibrary.org/obo/AISM_0000178>	<http://www.w3.org/2000/01/rdf-schema#label>	"acantha"@en	
<http://purl.obolibrary.org/obo/AISM_0004211>	<http://www.w3.org/2000/01/rdf-schema#label>	"tergo-coxal muscle"@en	
<http://purl.obolibrary.org/obo/AISM_0000029>	<http://www.w3.org/2000/01/rdf-schema#label>	"appendage"@en	
<http://purl.obolibrary.org/obo/AISM_0004153>	<http://www.w3.org/2000/01/rdf-schema#label>	"subalare"@en	
<http://purl.obolibrary.org/obo/AISM_0002053>	<http://www.w3.org/2000/01/rdf-schema#label>	"submentopremental muscle"@en	
<http://purl.obolibrary.org/obo/AISM_0000100>	<http://www.w3.org/2000/01/rdf-schema#label>	"pronoto-mesonotal conjunctiva"@en	
<http://purl.obolibrary.org/obo/AISM_0000191>	<http://www.w3.org/2000/01/rdf-schema#label>	"tentorium"@en	
<http://purl.obolibrary.org/obo/AISM_0002047>	<http://www.w3.org/2000/01/rdf-schema#label>	"postoccipitoglossal muscle"@en	
<http://purl.obolibrary.org/obo/AISM_0004150>	<http://www.w3.org/2000/01/rdf-schema#label>	"postalar bridge"@en	
<http://purl.obolibrary.org/obo/AISM_0004015>	<http://www.w3.org/2000/01/rdf-schema#label>	"premental-paraglossal conjunctiva"@en	
<http://purl.obolibrary.org/obo/AISM_0004224>	<http://www.w3.org/2000/01/rdf-schema#label>	"ventral second axillary sclerite"@en	
<http://purl.obolibrary.org/obo/AISM_0004166>	<http://www.w3.org/2000/01/rdf-schema#label>	"pterothorax"@en	
<http://purl.obolibrary.org/obo/AISM_0004053>	<http://www.w3.org/2000/01/rdf-schema#label>	"ocellus"@en	
<http://purl.obolibrary.org/obo/AISM_0000501>	<http://www.w3.org/2000/01/rdf-schema#label>	"carina"@en	
<http://purl.obolibrary.org/obo/AISM_0004113>	<http://www.w3.org/2000/01/rdf-schema#label>	"abdominal sternite IV-abdominal sternite V conjunctiva"@en	
<http://purl.obolibrary.org/obo/AISM_0000050>	<http://www.w3.org/2000/01/rdf-schema#label>	"paraglossa"@en	
<http://purl.obolibrary.org/obo/AISM_0004105>	<http://www.w3.org/2000/01/rdf-schema#label>	"abdominal sternite III"@en	
<http://purl.obolibrary.org/obo/AISM_0000058>	<http://www.w3.org/2000/01/rdf-schema#label>	"prepectus"@en	
<http://purl.obolibrary.org/obo/AISM_0004209>	<http://www.w3.org/2000/01/rdf-schema#label>	"pronoto-mesonotal muscle"@en	
<http://purl.obolibrary.org/obo/AISM_0000121>	<http://www.w3.org/2000/01/rdf-schema#label>	"mesosternum"@en	
<http://purl.obolibrary.org/obo/AISM_0004066>	<http://www.w3.org/2000/01/rdf-schema#label>	"endophallite"@en	
<http://purl.obolibrary.org/obo/AISM_0004052>	<http://www.w3.org/2000/01/rdf-schema#label>	"compound eye"@en	
<http://purl.obolibrary.org/obo/AISM_0004110>	<http://www.w3.org/2000/01/rdf-schema#label>	"abdominal sternite VIII"@en	
<http://purl.obolibrary.org/obo/AISM_0000063>	<http://www.w3.org/2000/01/rdf-schema#label>	"appendage segment"@en	
<http://purl.obolibrary.org/obo/AISM_0004118>	<http://www.w3.org/2000/01/rdf-schema#label>	"abdominal tergite X"@en	
<http://purl.obolibrary.org/obo/AISM_0002060>	<http://www.w3.org/2000/01/rdf-schema#label>	"tentorio-oral muscle"@en	
<http://purl.obolibrary.org/obo/AISM_0000002>	<http://www.w3.org/2000/01/rdf-schema#label>	"insect articulation"	
<http://purl.obolibrary.org/obo/AISM_0004082>	<http://www.w3.org/2000/01/rdf-schema#label>	"metanoto-abdominal tergite I conjunctiva"@en	
<http://purl.obolibrary.org/obo/AISM_0004104>	<http://www.w3.org/2000/01/rdf-schema#label>	"abdominal sternite II"@en	
<http://purl.obolibrary.org/obo/AISM_0000093>	<http://www.w3.org/2000/01/rdf-schema#label>	"hypopharynx"@en	
<http://purl.obolibrary.org/obo/AISM_0000106>	<http://www.w3.org/2000/01/rdf-schema#label>	"basal procoxal conjunctiva"@en	
<http://purl.obolibrary.org/obo/AISM_0004134>	<http://www.w3.org/2000/01/rdf-schema#label>	"epimeron"@en	
<http://purl.obolibrary.org/obo/AISM_0000087>	<http://www.w3.org/2000/01/rdf-schema#label>	"labium"@en	
<http://purl.obolibrary.org/obo/AISM_0004230>	<http://www.w3.org/2000/01/rdf-schema#label>	"mesopleuro-mesocoxal conjunctiva"@en	
<http://purl.obolibrary.org/obo/AISM_0004007>	<http://www.w3.org/2000/01/rdf-schema#label>	"antenniferal-scapal conjunctiva"@en	
<http://purl.obolibrary.org/obo/AISM_0004060>	<http://www.w3.org/2000/01/rdf-schema#label>	"epiproct"@en	
<http://purl.obolibrary.org/obo/AISM_0004095>	<http://www.w3.org/2000/01/rdf-schema#label>	"abdominal tergite VII"@en	
<http://purl.obolibrary.org/obo/AISM_0000015>	<http://www.w3.org/2000/01/rdf-schema#label>	"cranio-cardinal articulation"@en	
<http://purl.obolibrary.org/obo/AISM_0000119>	<http://www.w3.org/2000/01/rdf-schema#label>	"metapleuron"@en	
<http://purl.obolibrary.org/obo/AISM_0004081>	<http://www.w3.org/2000/01/rdf-schema#label>	"pleural wing process"@en	
<http://purl.obolibrary.org/obo/AISM_0004147>	<http://www.w3.org/2000/01/rdf-schema#label>	"alinotum"@en	
<http://purl.obolibrary.org/obo/AISM_0000528>	<http://www.w3.org/2000/01/rdf-schema#label>	"granulated"@en	
<http://purl.obolibrary.org/obo/AISM_0000084>	<http://www.w3.org/2000/01/rdf-schema#label>	"cranio-labral muscle"@en	
<http://purl.obolibrary.org/obo/AISM_0000031>	<http://www.w3.org/2000/01/rdf-schema#label>	"insect leg"@en	
<http://purl.obolibrary.org/obo/AISM_0000149>	<http://www.w3.org/2000/01/rdf-schema#label>	"pretarsal muscle"@en	
<http://purl.obolibrary.org/obo/AISM_0000135>	<http://www.w3.org/2000/01/rdf-schema#label>	"spiracle"@en	
<http://purl.obolibrary.org/obo/AISM_0004012>	<http://www.w3.org/2000/01/rdf-schema#label>	"palpifero-palpal conjunctiva"@en	
<http://purl.obolibrary.org/obo/AISM_0004073>	<http://www.w3.org/2000/01/rdf-schema#label>	"paraphyses"@en	
<http://purl.obolibrary.org/obo/AISM_0002074>	<http://www.w3.org/2000/01/rdf-schema#label>	"dorsal cervico-occipital muscle"@en	
<http://purl.obolibrary.org/obo/AISM_0004185>	<http://www.w3.org/2000/01/rdf-schema#label>	"metatibio-metatarsal conjunctiva"@en	
<http://purl.obolibrary.org/obo/AISM_0000127>	<http://www.w3.org/2000/01/rdf-schema#label>	"unicellular cuticular evagination"@en	
<http://purl.obolibrary.org/obo/AISM_0004171>	<http://www.w3.org/2000/01/rdf-schema#label>	"protrochanter"@en	
<http://purl.obolibrary.org/obo/AISM_0004036>	<http://www.w3.org/2000/01/rdf-schema#label>	"gular ridges"@en	
<http://purl.obolibrary.org/obo/AISM_0002071>	<http://www.w3.org/2000/01/rdf-schema#label>	"prophragma-occipital muscle"@en	
<http://purl.obolibrary.org/obo/AISM_0000044>	<http://www.w3.org/2000/01/rdf-schema#label>	"insect maxilla"@en	
<http://purl.obolibrary.org/obo/AISM_0004020>	<http://www.w3.org/2000/01/rdf-schema#label>	"frons"@en	
<http://purl.obolibrary.org/obo/AISM_0000140>	<http://www.w3.org/2000/01/rdf-schema#label>	"taenidium"@en	
<http://purl.obolibrary.org/obo/AISM_0000148>	<http://www.w3.org/2000/01/rdf-schema#label>	"tibial muscle"@en	
<http://purl.obolibrary.org/obo/AISM_0002087>	<http://www.w3.org/2000/01/rdf-schema#label>	"ventral longitudinal abdominal muscle"@en	
<http://purl.obolibrary.org/obo/AISM_0004198>	<http://www.w3.org/2000/01/rdf-schema#label>	"gonostylus IX"@en	
<http://purl.obolibrary.org/obo/AISM_0004184>	<http://www.w3.org/2000/01/rdf-schema#label>	"mesotibio-mesotarsal conjunctiva"@en	
<http://purl.obolibrary.org/obo/AISM_0004049>	<http://www.w3.org/2000/01/rdf-schema#label>	"postclypeus"@en	
<http://purl.obolibrary.org/obo/AISM_0000126>	<http://www.w3.org/2000/01/rdf-schema#label>	"socket membrane"@en	
<http://purl.obolibrary.org/obo/AISM_0000022>	<http://www.w3.org/2000/01/rdf-schema#label>	"first axillary sclerite"@en	
<http://purl.obolibrary.org/obo/AISM_0004033>	<http://www.w3.org/2000/01/rdf-schema#label>	"hypostomal bridge"@en	
<http://purl.obolibrary.org/obo/AISM_0002026>	<http://www.w3.org/2000/01/rdf-schema#label>	"insect cranio-maxillar muscle"@en	
<http://purl.obolibrary.org/obo/AISM_0002012>	<http://www.w3.org/2000/01/rdf-schema#label>	"tormae"@en	
<http://purl.obolibrary.org/obo/AISM_0000007>	<http://www.w3.org/2000/01/rdf-schema#label>	"elastic cuticle"@en	
<http://purl.obolibrary.org/obo/AISM_0004087>	<http://www.w3.org/2000/01/rdf-schema#label>	"abdominal tergite III"@en	
<http://purl.obolibrary.org/obo/AISM_0000156>	<http://www.w3.org/2000/01/rdf-schema#label>	"fovea"@en	
<http://purl.obolibrary.org/obo/AISM_0004131>	<http://www.w3.org/2000/01/rdf-schema#label>	"pleurite"@en	
<http://purl.obolibrary.org/obo/AISM_0004139>	<http://www.w3.org/2000/01/rdf-schema#label>	"spinasternum"@en	
<http://purl.obolibrary.org/obo/AISM_0002031>	<http://www.w3.org/2000/01/rdf-schema#label>	"stipital ridge"@en	
<http://purl.obolibrary.org/obo/AISM_0000532>	<http://www.w3.org/2000/01/rdf-schema#label>	"conjunctival tubercle"@en	
<http://purl.obolibrary.org/obo/AISM_0000142>	<http://www.w3.org/2000/01/rdf-schema#label>	"metafurca"@en	
<http://purl.obolibrary.org/obo/AISM_0002039>	<http://www.w3.org/2000/01/rdf-schema#label>	"maxillary palpomere III"@en	
<http://purl.obolibrary.org/obo/AISM_0000177>	<http://www.w3.org/2000/01/rdf-schema#label>	"pore canal"@en	
<http://purl.obolibrary.org/obo/AISM_0004057>	<http://www.w3.org/2000/01/rdf-schema#label>	"abdominal tergite"@en	
<http://purl.obolibrary.org/obo/AISM_0000161>	<http://www.w3.org/2000/01/rdf-schema#label>	"discrimenal lamella"@en	
<http://purl.obolibrary.org/obo/AISM_0000169>	<http://www.w3.org/2000/01/rdf-schema#label>	"metanotum"@en	
<http://purl.obolibrary.org/obo/AISM_0002025>	<http://www.w3.org/2000/01/rdf-schema#label>	"inferomedial tentorio-mandibular muscle"@en	
<http://purl.obolibrary.org/obo/AISM_0002017>	<http://www.w3.org/2000/01/rdf-schema#label>	"posteroexternal cranio-mandibular muscle"@en	
<http://purl.obolibrary.org/obo/AISM_0004202>	<http://www.w3.org/2000/01/rdf-schema#label>	"propleuro-prosternal conjunctiva"@en	
<http://purl.obolibrary.org/obo/AISM_0002055>	<http://www.w3.org/2000/01/rdf-schema#label>	"premento-paraglossal muscle"@en	
<http://purl.obolibrary.org/obo/AISM_0000155>	<http://www.w3.org/2000/01/rdf-schema#label>	"metatibial muscle"@en	
<http://purl.obolibrary.org/obo/AISM_0004144>	<http://www.w3.org/2000/01/rdf-schema#label>	"prescutum"@en	
<http://purl.obolibrary.org/obo/AISM_0004031>	<http://www.w3.org/2000/01/rdf-schema#label>	"pleurostomal ridge"@en	
<http://purl.obolibrary.org/obo/AISM_0000036>	<http://www.w3.org/2000/01/rdf-schema#label>	"hind leg"@en	
<http://purl.obolibrary.org/obo/AISM_0002033>	<http://www.w3.org/2000/01/rdf-schema#label>	"stipito-lacinial muscle"@en	
<http://purl.obolibrary.org/obo/AISM_0000185>	<http://www.w3.org/2000/01/rdf-schema#label>	"sensillum chaeticum"@en	
<http://purl.obolibrary.org/obo/AISM_0004168>	<http://www.w3.org/2000/01/rdf-schema#label>	"trochanter"@en	
<http://purl.obolibrary.org/obo/AISM_0002068>	<http://www.w3.org/2000/01/rdf-schema#label>	"tergo-pleural muscle"@en	
<http://purl.obolibrary.org/obo/AISM_0000041>	<http://www.w3.org/2000/01/rdf-schema#label>	"scale"@en	
<http://purl.obolibrary.org/obo/AISM_0000049>	<http://www.w3.org/2000/01/rdf-schema#label>	"glossa"@en	
<http://purl.obolibrary.org/obo/AISM_0000190>	<http://www.w3.org/2000/01/rdf-schema#label>	"antennifer"@en	
<http://purl.obolibrary.org/obo/AISM_0000198>	<http://www.w3.org/2000/01/rdf-schema#label>	"antennal foramen"@en	
<http://purl.obolibrary.org/obo/AISM_0004030>	<http://www.w3.org/2000/01/rdf-schema#label>	"coronal suture"@en	
<http://purl.obolibrary.org/obo/AISM_0000071>	<http://www.w3.org/2000/01/rdf-schema#label>	"mesofemur"@en	
<http://purl.obolibrary.org/obo/AISM_0004165>	<http://www.w3.org/2000/01/rdf-schema#label>	"cercus"@en	
<http://purl.obolibrary.org/obo/AISM_0004068>	<http://www.w3.org/2000/01/rdf-schema#label>	"gonocoxa VIII"@en	
<http://purl.obolibrary.org/obo/AISM_0004216>	<http://www.w3.org/2000/01/rdf-schema#label>	"interfurcal muscle"@en	
<http://purl.obolibrary.org/obo/AISM_0004112>	<http://www.w3.org/2000/01/rdf-schema#label>	"abdominal sternite III-abdominal sternite IV conjunctiva"@en	
<http://purl.obolibrary.org/obo/AISM_0000065>	<http://www.w3.org/2000/01/rdf-schema#label>	"metacoxa"@en	
<http://purl.obolibrary.org/obo/AISM_0000057>	<http://www.w3.org/2000/01/rdf-schema#label>	"prementum"@en	
<http://purl.obolibrary.org/obo/AISM_0004208>	<http://www.w3.org/2000/01/rdf-schema#label>	"tergo-tergal muscle"@en	
<http://purl.obolibrary.org/obo/AISM_0004221>	<http://www.w3.org/2000/01/rdf-schema#label>	"metanoto-metapleural conjunctiva"@en	
<http://purl.obolibrary.org/obo/AISM_0000070>	<http://www.w3.org/2000/01/rdf-schema#label>	"profemur"@en	
<http://purl.obolibrary.org/obo/AISM_0004125>	<http://www.w3.org/2000/01/rdf-schema#label>	"prothorax"@en	
<http://purl.obolibrary.org/obo/AISM_0004229>	<http://www.w3.org/2000/01/rdf-schema#label>	"mesonoto-metanotal conjunctiva"@en	
<http://purl.obolibrary.org/obo/UBERON_0004175>	<http://www.w3.org/2000/01/rdf-schema#label>	"internal genitalia"@en	
<http://purl.obolibrary.org/obo/AISM_0004051>	<http://www.w3.org/2000/01/rdf-schema#label>	"clypeolabrum"@en	
<http://purl.obolibrary.org/obo/AISM_0000062>	<http://www.w3.org/2000/01/rdf-schema#label>	"ring sclerite"@en	
<http://purl.obolibrary.org/obo/AISM_0000113>	<http://www.w3.org/2000/01/rdf-schema#label>	"scapus"@en	
<http://purl.obolibrary.org/obo/AISM_0004163>	<http://www.w3.org/2000/01/rdf-schema#label>	"spina"@en	
<http://purl.obolibrary.org/obo/AISM_0004103>	<http://www.w3.org/2000/01/rdf-schema#label>	"abdominal sternite I-abdominal sternite II conjunctiva"@en	
<http://purl.obolibrary.org/obo/AISM_0002052>	<http://www.w3.org/2000/01/rdf-schema#label>	"tentorio-paraglossal muscle"@en	
<http://purl.obolibrary.org/obo/AISM_0004028>	<http://www.w3.org/2000/01/rdf-schema#label>	"suture"@en	
<http://purl.obolibrary.org/obo/AISM_0004207>	<http://www.w3.org/2000/01/rdf-schema#label>	"metanoto-metatrochantinal muscle"@en	
<http://purl.obolibrary.org/obo/AISM_0000105>	<http://www.w3.org/2000/01/rdf-schema#label>	"epipharynx"@en	
<http://purl.obolibrary.org/obo/AISM_0000086>	<http://www.w3.org/2000/01/rdf-schema#label>	"coxal muscle"@en	
<http://purl.obolibrary.org/obo/AISM_0004014>	<http://www.w3.org/2000/01/rdf-schema#label>	"premental-palpigeral conjunctiva"@en	
<http://purl.obolibrary.org/obo/AISM_0004006>	<http://www.w3.org/2000/01/rdf-schema#label>	"palpiger"@en	
<http://purl.obolibrary.org/obo/AISM_0004237>	<http://www.w3.org/2000/01/rdf-schema#label>	"lobe"@en	
<http://purl.obolibrary.org/obo/AISM_0004223>	<http://www.w3.org/2000/01/rdf-schema#label>	"third axillary sclerite"@en	
<http://purl.obolibrary.org/obo/AISM_0004176>	<http://www.w3.org/2000/01/rdf-schema#label>	"mesotrochantero-mesofemoral conjunctiva"@en	
<http://purl.obolibrary.org/obo/AISM_0002065>	<http://www.w3.org/2000/01/rdf-schema#label>	"insect thoracic muscle"@en	
<http://purl.obolibrary.org/obo/AISM_0000000>	<http://www.w3.org/2000/01/rdf-schema#label>	"cuticular internal depression"@en	
<http://purl.obolibrary.org/obo/AISM_0000118>	<http://www.w3.org/2000/01/rdf-schema#label>	"pedicellar-first flagellomeral conjunctiva"@en	
<http://purl.obolibrary.org/obo/AISM_0002004>	<http://www.w3.org/2000/01/rdf-schema#label>	"lateral tentorio-scapal muscle"@en	
<http://purl.obolibrary.org/obo/AISM_0004080>	<http://www.w3.org/2000/01/rdf-schema#label>	"precoxal sulcus"@en	
<http://purl.obolibrary.org/obo/AISM_0004162>	<http://www.w3.org/2000/01/rdf-schema#label>	"precoxal ridge"@en	
<http://purl.obolibrary.org/obo/AISM_0004027>	<http://www.w3.org/2000/01/rdf-schema#label>	"subgena"@en	
<http://purl.obolibrary.org/obo/AISM_0000527>	<http://www.w3.org/2000/01/rdf-schema#label>	"spine"@en	
<http://purl.obolibrary.org/obo/AISM_0000091>	<http://www.w3.org/2000/01/rdf-schema#label>	"trachea"@en	
<http://purl.obolibrary.org/obo/AISM_0000104>	<http://www.w3.org/2000/01/rdf-schema#label>	"basal metacoxal conjunctiva"@en	
<http://purl.obolibrary.org/obo/AISM_0000195>	<http://www.w3.org/2000/01/rdf-schema#label>	"posterior tetorial pit"@en	
<http://purl.obolibrary.org/obo/AISM_0000099>	<http://www.w3.org/2000/01/rdf-schema#label>	"oral foraminal conjunctiva"@en	
<http://purl.obolibrary.org/obo/AISM_0004011>	<http://www.w3.org/2000/01/rdf-schema#label>	"stipito-galeal conjunctiva"@en	
<http://purl.obolibrary.org/obo/AISM_0000134>	<http://www.w3.org/2000/01/rdf-schema#label>	"exocrine gland duct"@en	
<http://purl.obolibrary.org/obo/AISM_0004019>	<http://www.w3.org/2000/01/rdf-schema#label>	"clypeus"@en	
<http://purl.obolibrary.org/obo/AISM_0004192>	<http://www.w3.org/2000/01/rdf-schema#label>	"mesotarso-mesopretarsal conjunctiva"@en	
<http://purl.obolibrary.org/obo/AISM_0004005>	<http://www.w3.org/2000/01/rdf-schema#label>	"submentum"@en	
<http://purl.obolibrary.org/obo/AISM_0002073>	<http://www.w3.org/2000/01/rdf-schema#label>	"prophragma-cervical muscle"@en	
<http://purl.obolibrary.org/obo/AISM_0000120>	<http://www.w3.org/2000/01/rdf-schema#label>	"propleuro-procoxal conjunctiva"@en	
<http://purl.obolibrary.org/obo/AISM_0004065>	<http://www.w3.org/2000/01/rdf-schema#label>	"phallobase"@en	
<http://purl.obolibrary.org/obo/AISM_0004170>	<http://www.w3.org/2000/01/rdf-schema#label>	"coxal-trochanteral conjunctiva"@en	
<http://purl.obolibrary.org/obo/AISM_0004035>	<http://www.w3.org/2000/01/rdf-schema#label>	"gula"@en	
<http://purl.obolibrary.org/obo/AISM_0004117>	<http://www.w3.org/2000/01/rdf-schema#label>	"abdominal tergite IX"@en	
<http://purl.obolibrary.org/obo/AISM_0002003>	<http://www.w3.org/2000/01/rdf-schema#label>	"posterior tentorio-scapal muscle"@en	
<http://purl.obolibrary.org/obo/AISM_0000526>	<http://www.w3.org/2000/01/rdf-schema#label>	"tubercle"@en	
<http://purl.obolibrary.org/obo/AISM_0000147>	<http://www.w3.org/2000/01/rdf-schema#label>	"femoral muscle"@en	
<http://purl.obolibrary.org/obo/AISM_0002086>	<http://www.w3.org/2000/01/rdf-schema#label>	"lateral abdominal muscle"@en	
<http://purl.obolibrary.org/obo/AISM_0000133>	<http://www.w3.org/2000/01/rdf-schema#label>	"multiporous plate"@en	
<http://purl.obolibrary.org/obo/AISM_0004122>	<http://www.w3.org/2000/01/rdf-schema#label>	"abdominal tergite IX-abdominal tergite X conjunctiva"@en	
<http://purl.obolibrary.org/obo/AISM_0004191>	<http://www.w3.org/2000/01/rdf-schema#label>	"protarso-propretarsal conjunctiva"@en	
<http://purl.obolibrary.org/obo/AISM_0004078>	<http://www.w3.org/2000/01/rdf-schema#label>	"spermatheca"@en	
<http://purl.obolibrary.org/obo/AISM_0004183>	<http://www.w3.org/2000/01/rdf-schema#label>	"protibio-protarsal conjunctiva"@en	
<http://purl.obolibrary.org/obo/AISM_0002072>	<http://www.w3.org/2000/01/rdf-schema#label>	"pronoto-occipital muscle"@en	
<http://purl.obolibrary.org/obo/AISM_0004048>	<http://www.w3.org/2000/01/rdf-schema#label>	"occipital ridge"@en	
<http://purl.obolibrary.org/obo/AISM_0000163>	<http://www.w3.org/2000/01/rdf-schema#label>	"discrimen"@en	
<http://purl.obolibrary.org/obo/AISM_0000028>	<http://www.w3.org/2000/01/rdf-schema#label>	"solid cuticular protrusion"@en	
<http://purl.obolibrary.org/obo/AISM_0004094>	<http://www.w3.org/2000/01/rdf-schema#label>	"abdominal tergite V-abdominal tergite VI conjunctiva"@en	
<http://purl.obolibrary.org/obo/AISM_0000014>	<http://www.w3.org/2000/01/rdf-schema#label>	"cranio-mandibular articulation"@en	
<http://purl.obolibrary.org/obo/AISM_0002011>	<http://www.w3.org/2000/01/rdf-schema#label>	"frontoepypharyngeal muscle"@en	
<http://purl.obolibrary.org/obo/AISM_0000006>	<http://www.w3.org/2000/01/rdf-schema#label>	"cuticular invagination"@en	
<http://purl.obolibrary.org/obo/AISM_0004086>	<http://www.w3.org/2000/01/rdf-schema#label>	"abdominal tergite I-abdominal tergite II conjunctiva"@en	
<http://purl.obolibrary.org/obo/AISM_0004146>	<http://www.w3.org/2000/01/rdf-schema#label>	"scutellum"@en	
<http://purl.obolibrary.org/obo/AISM_0000534>	<http://www.w3.org/2000/01/rdf-schema#label>	"conjunctival fold"@en	
<http://purl.obolibrary.org/obo/AISM_0004130>	<http://www.w3.org/2000/01/rdf-schema#label>	"sternum"@en	
<http://purl.obolibrary.org/obo/AISM_0004138>	<http://www.w3.org/2000/01/rdf-schema#label>	"furcasternum"@en	
<http://purl.obolibrary.org/obo/AISM_0004072>	<http://www.w3.org/2000/01/rdf-schema#label>	"trichobothrium"@en	
<http://purl.obolibrary.org/obo/PATO_0000984>	<http://www.w3.org/2000/01/rdf-schema#label>	"porous"@en	
<http://purl.obolibrary.org/obo/AISM_0000027>	<http://www.w3.org/2000/01/rdf-schema#label>	"cuticular evagination"@en	
<http://purl.obolibrary.org/obo/AISM_0002024>	<http://www.w3.org/2000/01/rdf-schema#label>	"superomedial tentorio-mandibular muscle"@en	
<http://purl.obolibrary.org/obo/AISM_0004099>	<http://www.w3.org/2000/01/rdf-schema#label>	"laterotergite"@en	
<http://purl.obolibrary.org/obo/AISM_0004159>	<http://www.w3.org/2000/01/rdf-schema#label>	"anepimeron"@en	
<http://purl.obolibrary.org/obo/AISM_0000019>	<http://www.w3.org/2000/01/rdf-schema#label>	"head capsule"@en	
<http://purl.obolibrary.org/obo/AISM_0002070>	<http://www.w3.org/2000/01/rdf-schema#label>	"ventral-longitudinal muscle"@en	
<http://purl.obolibrary.org/obo/AISM_0000005>	<http://www.w3.org/2000/01/rdf-schema#label>	"cuticular depression"@en	
<http://purl.obolibrary.org/obo/AISM_0000043>	<http://www.w3.org/2000/01/rdf-schema#label>	"insect mandible"@en	
<http://purl.obolibrary.org/obo/AISM_0002009>	<http://www.w3.org/2000/01/rdf-schema#label>	"frontolabral muscle"@en	
<http://purl.obolibrary.org/obo/AISM_0004085>	<http://www.w3.org/2000/01/rdf-schema#label>	"abdominal tergite II"@en	
<http://purl.obolibrary.org/obo/AISM_0000154>	<http://www.w3.org/2000/01/rdf-schema#label>	"mesotibial muscle"@en	
<http://purl.obolibrary.org/obo/AISM_0004143>	<http://www.w3.org/2000/01/rdf-schema#label>	"postnotum"@en	
<http://purl.obolibrary.org/obo/AISM_0000096>	<http://www.w3.org/2000/01/rdf-schema#label>	"prosternal-procoxal conjunctiva"@en	
<http://purl.obolibrary.org/obo/AISM_0000035>	<http://www.w3.org/2000/01/rdf-schema#label>	"mid leg"@en	
<http://purl.obolibrary.org/obo/AISM_0004197>	<http://www.w3.org/2000/01/rdf-schema#label>	"anus"@en	
<http://purl.obolibrary.org/obo/AISM_0004167>	<http://www.w3.org/2000/01/rdf-schema#label>	"abdominal tergite X-paraproct conjunctiva"@en	
<http://purl.obolibrary.org/obo/AISM_0002083>	<http://www.w3.org/2000/01/rdf-schema#label>	"prophragma-mesophragmal muscle"@en	
<http://purl.obolibrary.org/obo/AISM_0000021>	<http://www.w3.org/2000/01/rdf-schema#label>	"abdominal tergite I"@en	
<http://purl.obolibrary.org/obo/AISM_0004032>	<http://www.w3.org/2000/01/rdf-schema#label>	"subgenal ridge"@en	
<http://purl.obolibrary.org/obo/AISM_0000056>	<http://www.w3.org/2000/01/rdf-schema#label>	"metatrochantin"@en	
<http://purl.obolibrary.org/obo/AISM_0000040>	<http://www.w3.org/2000/01/rdf-schema#label>	"spur"@en	
<http://purl.obolibrary.org/obo/AISM_0000048>	<http://www.w3.org/2000/01/rdf-schema#label>	"ligula"@en	
<http://purl.obolibrary.org/obo/AISM_0000531>	<http://www.w3.org/2000/01/rdf-schema#label>	"conjunctival keel"@en	
<http://purl.obolibrary.org/obo/AISM_0002030>	<http://www.w3.org/2000/01/rdf-schema#label>	"anterior tentorio-stipital muscle"@en	
<http://purl.obolibrary.org/obo/AISM_0000034>	<http://www.w3.org/2000/01/rdf-schema#label>	"fore leg"@en	
<http://purl.obolibrary.org/obo/AISM_0002038>	<http://www.w3.org/2000/01/rdf-schema#label>	"maxillary palpomere II"@en	
<http://purl.obolibrary.org/obo/AISM_0004045>	<http://www.w3.org/2000/01/rdf-schema#label>	"postocciput"@en	
<http://purl.obolibrary.org/obo/AISM_0000160>	<http://www.w3.org/2000/01/rdf-schema#label>	"pouch"@en	
<http://purl.obolibrary.org/obo/AISM_0004215>	<http://www.w3.org/2000/01/rdf-schema#label>	"furco-trochanteral muscle"@en	
<http://purl.obolibrary.org/obo/AISM_0000168>	<http://www.w3.org/2000/01/rdf-schema#label>	"salivary sclerite"@en	
<http://purl.obolibrary.org/obo/AISM_0000064>	<http://www.w3.org/2000/01/rdf-schema#label>	"mesocoxa"@en	
<http://purl.obolibrary.org/obo/PATO_0040024>	<http://www.w3.org/2000/01/rdf-schema#label>	"bilaterally paired"@en	
<http://purl.obolibrary.org/obo/AISM_0004201>	<http://www.w3.org/2000/01/rdf-schema#label>	"phallobasal-parameral conjunctiva"@en	
<http://purl.obolibrary.org/obo/AISM_0002043>	<http://www.w3.org/2000/01/rdf-schema#label>	"second maxillar palpopalpal muscle"@en	
<http://purl.obolibrary.org/obo/AISM_0004069>	<http://www.w3.org/2000/01/rdf-schema#label>	"genital chamber"@en	
<http://purl.obolibrary.org/obo/AISM_0004140>	<http://www.w3.org/2000/01/rdf-schema#label>	"poststernite"@en	
<http://purl.obolibrary.org/obo/AISM_0004220>	<http://www.w3.org/2000/01/rdf-schema#label>	"pronoto-propleural conjunctiva"@en	
<http://purl.obolibrary.org/obo/AISM_0000077>	<http://www.w3.org/2000/01/rdf-schema#label>	"coxa"@en	
<http://purl.obolibrary.org/obo/AISM_0000173>	<http://www.w3.org/2000/01/rdf-schema#label>	"basal coxal conjunctiva"@en	
<http://purl.obolibrary.org/obo/AISM_0004228>	<http://www.w3.org/2000/01/rdf-schema#label>	"metaphragma"@en	
<http://purl.obolibrary.org/obo/AISM_0004214>	<http://www.w3.org/2000/01/rdf-schema#label>	"furco-coxal muscle"@en	
<http://purl.obolibrary.org/obo/AISM_0002021>	<http://www.w3.org/2000/01/rdf-schema#label>	"hypopharyngeomandibular muscle"@en	
<http://purl.obolibrary.org/obo/AISM_0002029>	<http://www.w3.org/2000/01/rdf-schema#label>	"tentorio-cardinal muscle"@en	
<http://purl.obolibrary.org/obo/AISM_0002067>	<http://www.w3.org/2000/01/rdf-schema#label>	"dorso-ventral thoracic muscle"@en	
<http://purl.obolibrary.org/obo/AISM_0004043>	<http://www.w3.org/2000/01/rdf-schema#label>	"postgenal bridge"@en	
<http://purl.obolibrary.org/obo/AISM_0000112>	<http://www.w3.org/2000/01/rdf-schema#label>	"cranio-antennal conjunctiva"@en	
<http://purl.obolibrary.org/obo/AISM_0004161>	<http://www.geneontology.org/formats/oboInOwl#hasExactSynonym>	"pteralia"@en	
<http://purl.obolibrary.org/obo/AISM_0000098>	<http://www.geneontology.org/formats/oboInOwl#hasExactSynonym>	"cervical membrane"	
<http://purl.obolibrary.org/obo/AISM_0000047>	<http://www.geneontology.org/formats/oboInOwl#hasExactSynonym>	"ungues"@en	
<http://purl.obolibrary.org/obo/AISM_0000200>	<http://www.geneontology.org/formats/oboInOwl#hasExactSynonym>	"second gonocoxite"@en	
<http://purl.obolibrary.org/obo/AISM_0000200>	<http://www.geneontology.org/formats/oboInOwl#hasExactSynonym>	"second coxopodite"@en	
<http://purl.obolibrary.org/obo/AISM_0000200>	<http://www.geneontology.org/formats/oboInOwl#hasExactSynonym>	"second valvifer"@en	
<http://purl.obolibrary.org/obo/AISM_0000004>	<http://www.geneontology.org/formats/oboInOwl#hasExactSynonym>	"membrane"	
<http://purl.obolibrary.org/obo/AISM_0004062>	<http://www.geneontology.org/formats/oboInOwl#hasExactSynonym>	"insect penis"@en	
<http://purl.obolibrary.org/obo/AISM_0004128>	<http://www.geneontology.org/formats/oboInOwl#hasExactSynonym>	"tergum"@en	
<http://purl.obolibrary.org/obo/AISM_0004157>	<http://www.geneontology.org/formats/oboInOwl#hasExactSynonym>	"molting line"@en	
<http://purl.obolibrary.org/obo/AISM_0004024>	<http://www.geneontology.org/formats/oboInOwl#hasExactSynonym>	"corpotentorium"@en	
<http://purl.obolibrary.org/obo/AISM_0004148>	<http://www.geneontology.org/formats/oboInOwl#hasExactSynonym>	"prealare"@en	
<http://purl.obolibrary.org/obo/AISM_0004156>	<http://www.geneontology.org/formats/oboInOwl#hasExactSynonym>	"paracoxal suture"@en	
<http://purl.obolibrary.org/obo/AISM_0004156>	<http://www.geneontology.org/formats/oboInOwl#hasExactSynonym>	"anapleural cleft"@en	
<http://purl.obolibrary.org/obo/AISM_0002019>	<http://www.geneontology.org/formats/oboInOwl#hasExactSynonym>	"oral arms"@en	
<http://purl.obolibrary.org/obo/AISM_0002019>	<http://www.geneontology.org/formats/oboInOwl#hasExactSynonym>	"hypopharyngeal arms"@en	
<http://purl.obolibrary.org/obo/AISM_0002019>	<http://www.geneontology.org/formats/oboInOwl#hasExactSynonym>	"fulturae"@en	
<http://purl.obolibrary.org/obo/AISM_0004058>	<http://www.geneontology.org/formats/oboInOwl#hasExactSynonym>	"sternum"@en	
<http://purl.obolibrary.org/obo/AISM_0004060>	<http://www.geneontology.org/formats/oboInOwl#hasExactSynonym>	"proctiger"@en	
<http://purl.obolibrary.org/obo/AISM_0004081>	<http://www.geneontology.org/formats/oboInOwl#hasExactSynonym>	"fulcrum"@en	
<http://purl.obolibrary.org/obo/AISM_0004073>	<http://www.geneontology.org/formats/oboInOwl#hasExactSynonym>	"titillators"@en	
<http://purl.obolibrary.org/obo/AISM_0004057>	<http://www.geneontology.org/formats/oboInOwl#hasExactSynonym>	"abdominal tergum"@en	
<http://purl.obolibrary.org/obo/AISM_0004030>	<http://www.geneontology.org/formats/oboInOwl#hasExactSynonym>	"epicranial suture"@en	
<http://purl.obolibrary.org/obo/AISM_0004068>	<http://www.geneontology.org/formats/oboInOwl#hasExactSynonym>	"first gonocoxite"@en	
<http://purl.obolibrary.org/obo/AISM_0004068>	<http://www.geneontology.org/formats/oboInOwl#hasExactSynonym>	"first coxopodite"@en	
<http://purl.obolibrary.org/obo/AISM_0004068>	<http://www.geneontology.org/formats/oboInOwl#hasExactSynonym>	"first valvifer"@en	
<http://purl.obolibrary.org/obo/AISM_0004080>	<http://www.geneontology.org/formats/oboInOwl#hasExactSynonym>	"precoxal suture"@en	
<http://purl.obolibrary.org/obo/AISM_0004065>	<http://www.geneontology.org/formats/oboInOwl#hasExactSynonym>	"basal piece"@en	
<http://purl.obolibrary.org/obo/AISM_0004138>	<http://www.geneontology.org/formats/oboInOwl#hasExactSynonym>	"sternellum"@en	
<http://purl.obolibrary.org/obo/AISM_0004099>	<http://www.geneontology.org/formats/oboInOwl#hasExactSynonym>	"paranota"@en	
<http://purl.obolibrary.org/obo/AISM_0000019>	<http://www.geneontology.org/formats/oboInOwl#hasExactSynonym>	"insect cranium"	
